$date
	Thu Jun  4 16:22:58 2026
$end
$version
	Icarus Verilog
$end
$timescale
	1ps
$end
$scope module tb_alu_4bit $end
$var wire 1 ! zero $end
$var wire 1 " overflow $end
$var wire 4 # out [3:0] $end
$var wire 1 $ negative $end
$var wire 1 % carry_out $end
$var reg 4 & a [3:0] $end
$var reg 4 ' b [3:0] $end
$var reg 3 ( opcode [2:0] $end
$var integer 32 ) fail [31:0] $end
$var integer 32 * pass [31:0] $end
$scope module dut $end
$var wire 4 + a [3:0] $end
$var wire 4 , b [3:0] $end
$var wire 1 $ negative $end
$var wire 3 - opcode [2:0] $end
$var wire 1 ! zero $end
$var reg 1 % carry_out $end
$var reg 4 . out [3:0] $end
$var reg 1 " overflow $end
$upscope $end
$scope task check $end
$var reg 1 / exp_carry_out $end
$var reg 1 0 exp_negative $end
$var reg 4 1 exp_out [3:0] $end
$var reg 1 2 exp_overflow $end
$var reg 1 3 exp_zero $end
$var reg 4 4 t_a [3:0] $end
$var reg 4 5 t_b [3:0] $end
$var reg 4 6 t_opcode [3:0] $end
$upscope $end
$scope task exhaustive $end
$var reg 1 7 exp_carry_out $end
$var reg 1 8 exp_negative $end
$var reg 4 9 exp_out [3:0] $end
$var reg 1 : exp_overflow $end
$var reg 1 ; exp_zero $end
$var reg 5 < i [4:0] $end
$var reg 5 = j [4:0] $end
$var reg 4 > o [3:0] $end
$upscope $end
$scope task input_sweep $end
$var reg 1 ? exp_carry_out $end
$var reg 1 @ exp_negative $end
$var reg 4 A exp_out [3:0] $end
$var reg 1 B exp_overflow $end
$var reg 1 C exp_zero $end
$var reg 5 D i [4:0] $end
$var reg 5 E j [4:0] $end
$var reg 4 F t_opcode [3:0] $end
$upscope $end
$scope task opcode_sweep $end
$var reg 1 G exp_carry_out $end
$var reg 1 H exp_negative $end
$var reg 4 I exp_out [3:0] $end
$var reg 1 J exp_overflow $end
$var reg 1 K exp_zero $end
$var reg 4 L o [3:0] $end
$var reg 4 M t_a [3:0] $end
$var reg 4 N t_b [3:0] $end
$upscope $end
$upscope $end
$enddefinitions $end
$comment Show the parameter values. $end
$dumpall
$end
#0
$dumpvars
bx N
bx M
bx L
xK
xJ
bx I
xH
xG
bx F
bx E
bx D
xC
xB
bx A
x@
x?
b0 >
b0 =
b0 <
1;
0:
b0 9
08
07
bx 6
bx 5
bx 4
x3
x2
bx 1
x0
x/
b0 .
b0 -
b0 ,
b0 +
b0 *
b0 )
b0 (
b0 '
b0 &
0%
0$
b0 #
0"
1!
$end
#10000
b1 (
b1 -
b1 >
b1 *
#20000
b10 (
b10 -
b10 >
b10 *
#30000
b11 (
b11 -
b11 >
b11 *
#40000
b100 (
b100 -
b100 >
b100 *
#50000
1$
0!
b1111 #
b1111 .
18
0;
b1111 9
b101 (
b101 -
b101 >
b101 *
#60000
0$
1!
b0 #
b0 .
08
1;
b0 9
b110 (
b110 -
b110 >
b110 *
#70000
b111 (
b111 -
b111 >
b111 *
#80000
0!
b1 #
b1 .
0;
b1 9
b0 (
b0 -
b1 '
b1 ,
b1 =
b0 >
b1000 *
#90000
1$
1%
0!
b1111 #
b1111 .
18
17
b1111 9
b1 (
b1 -
b1 >
b1001 *
#100000
0$
0%
1!
b0 #
b0 .
08
1;
07
b0 9
b10 (
b10 -
b10 >
b1010 *
#110000
0!
b1 #
b1 .
0;
b1 9
b11 (
b11 -
b11 >
b1011 *
#120000
0!
b1 #
b1 .
b1 9
b100 (
b100 -
b100 >
b1100 *
#130000
1$
0!
b1111 #
b1111 .
18
b1111 9
b101 (
b101 -
b101 >
b1101 *
#140000
0$
1!
b0 #
b0 .
08
1;
b0 9
b110 (
b110 -
b110 >
b1110 *
#150000
b111 (
b111 -
b111 >
b1111 *
#160000
0!
b10 #
b10 .
0;
b10 9
b0 (
b0 -
b10 '
b10 ,
b10 =
b0 >
b10000 *
#170000
1$
1%
0!
b1110 #
b1110 .
18
17
b1110 9
b1 (
b1 -
b1 >
b10001 *
#180000
0$
0%
1!
b0 #
b0 .
08
1;
07
b0 9
b10 (
b10 -
b10 >
b10010 *
#190000
0!
b10 #
b10 .
0;
b10 9
b11 (
b11 -
b11 >
b10011 *
#200000
0!
b10 #
b10 .
b10 9
b100 (
b100 -
b100 >
b10100 *
#210000
1$
0!
b1111 #
b1111 .
18
b1111 9
b101 (
b101 -
b101 >
b10101 *
#220000
0$
1!
b0 #
b0 .
08
1;
b0 9
b110 (
b110 -
b110 >
b10110 *
#230000
b111 (
b111 -
b111 >
b10111 *
#240000
0!
b11 #
b11 .
0;
b11 9
b0 (
b0 -
b11 '
b11 ,
b11 =
b0 >
b11000 *
#250000
1$
1%
0!
b1101 #
b1101 .
18
17
b1101 9
b1 (
b1 -
b1 >
b11001 *
#260000
0$
0%
1!
b0 #
b0 .
08
1;
07
b0 9
b10 (
b10 -
b10 >
b11010 *
#270000
0!
b11 #
b11 .
0;
b11 9
b11 (
b11 -
b11 >
b11011 *
#280000
0!
b11 #
b11 .
b11 9
b100 (
b100 -
b100 >
b11100 *
#290000
1$
0!
b1111 #
b1111 .
18
b1111 9
b101 (
b101 -
b101 >
b11101 *
#300000
0$
1!
b0 #
b0 .
08
1;
b0 9
b110 (
b110 -
b110 >
b11110 *
#310000
b111 (
b111 -
b111 >
b11111 *
#320000
0!
b100 #
b100 .
0;
b100 9
b0 (
b0 -
b100 '
b100 ,
b100 =
b0 >
b100000 *
#330000
1$
1%
0!
b1100 #
b1100 .
18
17
b1100 9
b1 (
b1 -
b1 >
b100001 *
#340000
0$
0%
1!
b0 #
b0 .
08
1;
07
b0 9
b10 (
b10 -
b10 >
b100010 *
#350000
0!
b100 #
b100 .
0;
b100 9
b11 (
b11 -
b11 >
b100011 *
#360000
0!
b100 #
b100 .
b100 9
b100 (
b100 -
b100 >
b100100 *
#370000
1$
0!
b1111 #
b1111 .
18
b1111 9
b101 (
b101 -
b101 >
b100101 *
#380000
0$
1!
b0 #
b0 .
08
1;
b0 9
b110 (
b110 -
b110 >
b100110 *
#390000
b111 (
b111 -
b111 >
b100111 *
#400000
0!
b101 #
b101 .
0;
b101 9
b0 (
b0 -
b101 '
b101 ,
b101 =
b0 >
b101000 *
#410000
1$
1%
0!
b1011 #
b1011 .
18
17
b1011 9
b1 (
b1 -
b1 >
b101001 *
#420000
0$
0%
1!
b0 #
b0 .
08
1;
07
b0 9
b10 (
b10 -
b10 >
b101010 *
#430000
0!
b101 #
b101 .
0;
b101 9
b11 (
b11 -
b11 >
b101011 *
#440000
0!
b101 #
b101 .
b101 9
b100 (
b100 -
b100 >
b101100 *
#450000
1$
0!
b1111 #
b1111 .
18
b1111 9
b101 (
b101 -
b101 >
b101101 *
#460000
0$
1!
b0 #
b0 .
08
1;
b0 9
b110 (
b110 -
b110 >
b101110 *
#470000
b111 (
b111 -
b111 >
b101111 *
#480000
0!
b110 #
b110 .
0;
b110 9
b0 (
b0 -
b110 '
b110 ,
b110 =
b0 >
b110000 *
#490000
1$
1%
0!
b1010 #
b1010 .
18
17
b1010 9
b1 (
b1 -
b1 >
b110001 *
#500000
0$
0%
1!
b0 #
b0 .
08
1;
07
b0 9
b10 (
b10 -
b10 >
b110010 *
#510000
0!
b110 #
b110 .
0;
b110 9
b11 (
b11 -
b11 >
b110011 *
#520000
0!
b110 #
b110 .
b110 9
b100 (
b100 -
b100 >
b110100 *
#530000
1$
0!
b1111 #
b1111 .
18
b1111 9
b101 (
b101 -
b101 >
b110101 *
#540000
0$
1!
b0 #
b0 .
08
1;
b0 9
b110 (
b110 -
b110 >
b110110 *
#550000
b111 (
b111 -
b111 >
b110111 *
#560000
0!
b111 #
b111 .
0;
b111 9
b0 (
b0 -
b111 '
b111 ,
b111 =
b0 >
b111000 *
#570000
1$
1%
0!
b1001 #
b1001 .
18
17
b1001 9
b1 (
b1 -
b1 >
b111001 *
#580000
0$
0%
1!
b0 #
b0 .
08
1;
07
b0 9
b10 (
b10 -
b10 >
b111010 *
#590000
0!
b111 #
b111 .
0;
b111 9
b11 (
b11 -
b11 >
b111011 *
#600000
0!
b111 #
b111 .
b111 9
b100 (
b100 -
b100 >
b111100 *
#610000
1$
0!
b1111 #
b1111 .
18
b1111 9
b101 (
b101 -
b101 >
b111101 *
#620000
0$
1!
b0 #
b0 .
08
1;
b0 9
b110 (
b110 -
b110 >
b111110 *
#630000
b111 (
b111 -
b111 >
b111111 *
#640000
1$
0!
b1000 #
b1000 .
18
0;
b1000 9
b0 (
b0 -
b1000 '
b1000 ,
b1000 =
b0 >
b1000000 *
#650000
1"
1%
0!
b1000 #
b1000 .
1:
17
b1000 9
b1 (
b1 -
b1 >
b1000001 *
#660000
0$
0"
0%
1!
b0 #
b0 .
08
1;
0:
07
b0 9
b10 (
b10 -
b10 >
b1000010 *
#670000
1$
0!
b1000 #
b1000 .
18
0;
b1000 9
b11 (
b11 -
b11 >
b1000011 *
#680000
0!
b1000 #
b1000 .
b1000 9
b100 (
b100 -
b100 >
b1000100 *
#690000
0!
b1111 #
b1111 .
b1111 9
b101 (
b101 -
b101 >
b1000101 *
#700000
0$
1!
b0 #
b0 .
08
1;
b0 9
b110 (
b110 -
b110 >
b1000110 *
#710000
b111 (
b111 -
b111 >
b1000111 *
#720000
1$
0!
b1001 #
b1001 .
18
0;
b1001 9
b0 (
b0 -
b1001 '
b1001 ,
b1001 =
b0 >
b1001000 *
#730000
0$
1%
0!
b111 #
b111 .
08
17
b111 9
b1 (
b1 -
b1 >
b1001001 *
#740000
0%
1!
b0 #
b0 .
1;
07
b0 9
b10 (
b10 -
b10 >
b1001010 *
#750000
1$
0!
b1001 #
b1001 .
18
0;
b1001 9
b11 (
b11 -
b11 >
b1001011 *
#760000
0!
b1001 #
b1001 .
b1001 9
b100 (
b100 -
b100 >
b1001100 *
#770000
0!
b1111 #
b1111 .
b1111 9
b101 (
b101 -
b101 >
b1001101 *
#780000
0$
1!
b0 #
b0 .
08
1;
b0 9
b110 (
b110 -
b110 >
b1001110 *
#790000
b111 (
b111 -
b111 >
b1001111 *
#800000
1$
0!
b1010 #
b1010 .
18
0;
b1010 9
b0 (
b0 -
b1010 '
b1010 ,
b1010 =
b0 >
b1010000 *
#810000
0$
1%
0!
b110 #
b110 .
08
17
b110 9
b1 (
b1 -
b1 >
b1010001 *
#820000
0%
1!
b0 #
b0 .
1;
07
b0 9
b10 (
b10 -
b10 >
b1010010 *
#830000
1$
0!
b1010 #
b1010 .
18
0;
b1010 9
b11 (
b11 -
b11 >
b1010011 *
#840000
0!
b1010 #
b1010 .
b1010 9
b100 (
b100 -
b100 >
b1010100 *
#850000
0!
b1111 #
b1111 .
b1111 9
b101 (
b101 -
b101 >
b1010101 *
#860000
0$
1!
b0 #
b0 .
08
1;
b0 9
b110 (
b110 -
b110 >
b1010110 *
#870000
b111 (
b111 -
b111 >
b1010111 *
#880000
1$
0!
b1011 #
b1011 .
18
0;
b1011 9
b0 (
b0 -
b1011 '
b1011 ,
b1011 =
b0 >
b1011000 *
#890000
0$
1%
0!
b101 #
b101 .
08
17
b101 9
b1 (
b1 -
b1 >
b1011001 *
#900000
0%
1!
b0 #
b0 .
1;
07
b0 9
b10 (
b10 -
b10 >
b1011010 *
#910000
1$
0!
b1011 #
b1011 .
18
0;
b1011 9
b11 (
b11 -
b11 >
b1011011 *
#920000
0!
b1011 #
b1011 .
b1011 9
b100 (
b100 -
b100 >
b1011100 *
#930000
0!
b1111 #
b1111 .
b1111 9
b101 (
b101 -
b101 >
b1011101 *
#940000
0$
1!
b0 #
b0 .
08
1;
b0 9
b110 (
b110 -
b110 >
b1011110 *
#950000
b111 (
b111 -
b111 >
b1011111 *
#960000
1$
0!
b1100 #
b1100 .
18
0;
b1100 9
b0 (
b0 -
b1100 '
b1100 ,
b1100 =
b0 >
b1100000 *
#970000
0$
1%
0!
b100 #
b100 .
08
17
b100 9
b1 (
b1 -
b1 >
b1100001 *
#980000
0%
1!
b0 #
b0 .
1;
07
b0 9
b10 (
b10 -
b10 >
b1100010 *
#990000
1$
0!
b1100 #
b1100 .
18
0;
b1100 9
b11 (
b11 -
b11 >
b1100011 *
#1000000
0!
b1100 #
b1100 .
b1100 9
b100 (
b100 -
b100 >
b1100100 *
#1010000
0!
b1111 #
b1111 .
b1111 9
b101 (
b101 -
b101 >
b1100101 *
#1020000
0$
1!
b0 #
b0 .
08
1;
b0 9
b110 (
b110 -
b110 >
b1100110 *
#1030000
b111 (
b111 -
b111 >
b1100111 *
#1040000
1$
0!
b1101 #
b1101 .
18
0;
b1101 9
b0 (
b0 -
b1101 '
b1101 ,
b1101 =
b0 >
b1101000 *
#1050000
0$
1%
0!
b11 #
b11 .
08
17
b11 9
b1 (
b1 -
b1 >
b1101001 *
#1060000
0%
1!
b0 #
b0 .
1;
07
b0 9
b10 (
b10 -
b10 >
b1101010 *
#1070000
1$
0!
b1101 #
b1101 .
18
0;
b1101 9
b11 (
b11 -
b11 >
b1101011 *
#1080000
0!
b1101 #
b1101 .
b1101 9
b100 (
b100 -
b100 >
b1101100 *
#1090000
0!
b1111 #
b1111 .
b1111 9
b101 (
b101 -
b101 >
b1101101 *
#1100000
0$
1!
b0 #
b0 .
08
1;
b0 9
b110 (
b110 -
b110 >
b1101110 *
#1110000
b111 (
b111 -
b111 >
b1101111 *
#1120000
1$
0!
b1110 #
b1110 .
18
0;
b1110 9
b0 (
b0 -
b1110 '
b1110 ,
b1110 =
b0 >
b1110000 *
#1130000
0$
1%
0!
b10 #
b10 .
08
17
b10 9
b1 (
b1 -
b1 >
b1110001 *
#1140000
0%
1!
b0 #
b0 .
1;
07
b0 9
b10 (
b10 -
b10 >
b1110010 *
#1150000
1$
0!
b1110 #
b1110 .
18
0;
b1110 9
b11 (
b11 -
b11 >
b1110011 *
#1160000
0!
b1110 #
b1110 .
b1110 9
b100 (
b100 -
b100 >
b1110100 *
#1170000
0!
b1111 #
b1111 .
b1111 9
b101 (
b101 -
b101 >
b1110101 *
#1180000
0$
1!
b0 #
b0 .
08
1;
b0 9
b110 (
b110 -
b110 >
b1110110 *
#1190000
b111 (
b111 -
b111 >
b1110111 *
#1200000
1$
0!
b1111 #
b1111 .
18
0;
b1111 9
b0 (
b0 -
b1111 '
b1111 ,
b1111 =
b0 >
b1111000 *
#1210000
0$
1%
0!
b1 #
b1 .
08
17
b1 9
b1 (
b1 -
b1 >
b1111001 *
#1220000
0%
1!
b0 #
b0 .
1;
07
b0 9
b10 (
b10 -
b10 >
b1111010 *
#1230000
1$
0!
b1111 #
b1111 .
18
0;
b1111 9
b11 (
b11 -
b11 >
b1111011 *
#1240000
0!
b1111 #
b1111 .
b1111 9
b100 (
b100 -
b100 >
b1111100 *
#1250000
0!
b1111 #
b1111 .
b1111 9
b101 (
b101 -
b101 >
b1111101 *
#1260000
0$
1!
b0 #
b0 .
08
1;
b0 9
b110 (
b110 -
b110 >
b1111110 *
#1270000
b111 (
b111 -
b111 >
b1111111 *
#1280000
0!
b1 #
b1 .
0;
b1 9
b0 (
b0 -
b0 '
b0 ,
b1 &
b1 +
b1 <
b0 =
b0 >
b10000000 *
#1290000
0!
b1 #
b1 .
b1 9
b1 (
b1 -
b1 >
b10000001 *
#1300000
1!
b0 #
b0 .
1;
b0 9
b10 (
b10 -
b10 >
b10000010 *
#1310000
0!
b1 #
b1 .
0;
b1 9
b11 (
b11 -
b11 >
b10000011 *
#1320000
0!
b1 #
b1 .
b1 9
b100 (
b100 -
b100 >
b10000100 *
#1330000
1$
0!
b1110 #
b1110 .
18
b1110 9
b101 (
b101 -
b101 >
b10000101 *
#1340000
0$
0!
b10 #
b10 .
08
b10 9
b110 (
b110 -
b110 >
b10000110 *
#1350000
1%
1!
b0 #
b0 .
1;
17
b0 9
b111 (
b111 -
b111 >
b10000111 *
#1360000
0!
b10 #
b10 .
0%
0;
b10 9
07
b0 (
b0 -
b1 '
b1 ,
b1 =
b0 >
b10001000 *
#1370000
1!
b0 #
b0 .
1;
b0 9
b1 (
b1 -
b1 >
b10001001 *
#1380000
0!
b1 #
b1 .
0;
b1 9
b10 (
b10 -
b10 >
b10001010 *
#1390000
0!
b1 #
b1 .
b1 9
b11 (
b11 -
b11 >
b10001011 *
#1400000
1!
b0 #
b0 .
1;
b0 9
b100 (
b100 -
b100 >
b10001100 *
#1410000
1$
0!
b1110 #
b1110 .
18
0;
b1110 9
b101 (
b101 -
b101 >
b10001101 *
#1420000
0$
0!
b10 #
b10 .
08
b10 9
b110 (
b110 -
b110 >
b10001110 *
#1430000
1%
1!
b0 #
b0 .
1;
17
b0 9
b111 (
b111 -
b111 >
b10001111 *
#1440000
0!
b11 #
b11 .
0%
0;
b11 9
07
b0 (
b0 -
b10 '
b10 ,
b10 =
b0 >
b10010000 *
#1450000
1$
1%
0!
b1111 #
b1111 .
18
17
b1111 9
b1 (
b1 -
b1 >
b10010001 *
#1460000
0$
0%
1!
b0 #
b0 .
08
1;
07
b0 9
b10 (
b10 -
b10 >
b10010010 *
#1470000
0!
b11 #
b11 .
0;
b11 9
b11 (
b11 -
b11 >
b10010011 *
#1480000
0!
b11 #
b11 .
b11 9
b100 (
b100 -
b100 >
b10010100 *
#1490000
1$
0!
b1110 #
b1110 .
18
b1110 9
b101 (
b101 -
b101 >
b10010101 *
#1500000
0$
0!
b10 #
b10 .
08
b10 9
b110 (
b110 -
b110 >
b10010110 *
#1510000
1%
1!
b0 #
b0 .
1;
17
b0 9
b111 (
b111 -
b111 >
b10010111 *
#1520000
0!
b100 #
b100 .
0%
0;
b100 9
07
b0 (
b0 -
b11 '
b11 ,
b11 =
b0 >
b10011000 *
#1530000
1$
1%
0!
b1110 #
b1110 .
18
17
b1110 9
b1 (
b1 -
b1 >
b10011001 *
#1540000
0$
0%
0!
b1 #
b1 .
08
07
b1 9
b10 (
b10 -
b10 >
b10011010 *
#1550000
0!
b11 #
b11 .
b11 9
b11 (
b11 -
b11 >
b10011011 *
#1560000
0!
b10 #
b10 .
b10 9
b100 (
b100 -
b100 >
b10011100 *
#1570000
1$
0!
b1110 #
b1110 .
18
b1110 9
b101 (
b101 -
b101 >
b10011101 *
#1580000
0$
0!
b10 #
b10 .
08
b10 9
b110 (
b110 -
b110 >
b10011110 *
#1590000
1%
1!
b0 #
b0 .
1;
17
b0 9
b111 (
b111 -
b111 >
b10011111 *
#1600000
0!
b101 #
b101 .
0%
0;
b101 9
07
b0 (
b0 -
b100 '
b100 ,
b100 =
b0 >
b10100000 *
#1610000
1$
1%
0!
b1101 #
b1101 .
18
17
b1101 9
b1 (
b1 -
b1 >
b10100001 *
#1620000
0$
0%
1!
b0 #
b0 .
08
1;
07
b0 9
b10 (
b10 -
b10 >
b10100010 *
#1630000
0!
b101 #
b101 .
0;
b101 9
b11 (
b11 -
b11 >
b10100011 *
#1640000
0!
b101 #
b101 .
b101 9
b100 (
b100 -
b100 >
b10100100 *
#1650000
1$
0!
b1110 #
b1110 .
18
b1110 9
b101 (
b101 -
b101 >
b10100101 *
#1660000
0$
0!
b10 #
b10 .
08
b10 9
b110 (
b110 -
b110 >
b10100110 *
#1670000
1%
1!
b0 #
b0 .
1;
17
b0 9
b111 (
b111 -
b111 >
b10100111 *
#1680000
0!
b110 #
b110 .
0%
0;
b110 9
07
b0 (
b0 -
b101 '
b101 ,
b101 =
b0 >
b10101000 *
#1690000
1$
1%
0!
b1100 #
b1100 .
18
17
b1100 9
b1 (
b1 -
b1 >
b10101001 *
#1700000
0$
0%
0!
b1 #
b1 .
08
07
b1 9
b10 (
b10 -
b10 >
b10101010 *
#1710000
0!
b101 #
b101 .
b101 9
b11 (
b11 -
b11 >
b10101011 *
#1720000
0!
b100 #
b100 .
b100 9
b100 (
b100 -
b100 >
b10101100 *
#1730000
1$
0!
b1110 #
b1110 .
18
b1110 9
b101 (
b101 -
b101 >
b10101101 *
#1740000
0$
0!
b10 #
b10 .
08
b10 9
b110 (
b110 -
b110 >
b10101110 *
#1750000
1%
1!
b0 #
b0 .
1;
17
b0 9
b111 (
b111 -
b111 >
b10101111 *
#1760000
0!
b111 #
b111 .
0%
0;
b111 9
07
b0 (
b0 -
b110 '
b110 ,
b110 =
b0 >
b10110000 *
#1770000
1$
1%
0!
b1011 #
b1011 .
18
17
b1011 9
b1 (
b1 -
b1 >
b10110001 *
#1780000
0$
0%
1!
b0 #
b0 .
08
1;
07
b0 9
b10 (
b10 -
b10 >
b10110010 *
#1790000
0!
b111 #
b111 .
0;
b111 9
b11 (
b11 -
b11 >
b10110011 *
#1800000
0!
b111 #
b111 .
b111 9
b100 (
b100 -
b100 >
b10110100 *
#1810000
1$
0!
b1110 #
b1110 .
18
b1110 9
b101 (
b101 -
b101 >
b10110101 *
#1820000
0$
0!
b10 #
b10 .
08
b10 9
b110 (
b110 -
b110 >
b10110110 *
#1830000
1%
1!
b0 #
b0 .
1;
17
b0 9
b111 (
b111 -
b111 >
b10110111 *
#1840000
1$
1"
0!
b1000 #
b1000 .
0%
18
0;
1:
b1000 9
07
b0 (
b0 -
b111 '
b111 ,
b111 =
b0 >
b10111000 *
#1850000
1%
0"
0!
b1010 #
b1010 .
17
0:
b1010 9
b1 (
b1 -
b1 >
b10111001 *
#1860000
0$
0%
0!
b1 #
b1 .
08
07
b1 9
b10 (
b10 -
b10 >
b10111010 *
#1870000
0!
b111 #
b111 .
b111 9
b11 (
b11 -
b11 >
b10111011 *
#1880000
0!
b110 #
b110 .
b110 9
b100 (
b100 -
b100 >
b10111100 *
#1890000
1$
0!
b1110 #
b1110 .
18
b1110 9
b101 (
b101 -
b101 >
b10111101 *
#1900000
0$
0!
b10 #
b10 .
08
b10 9
b110 (
b110 -
b110 >
b10111110 *
#1910000
1%
1!
b0 #
b0 .
1;
17
b0 9
b111 (
b111 -
b111 >
b10111111 *
#1920000
1$
0!
b1001 #
b1001 .
0%
18
0;
b1001 9
07
b0 (
b0 -
b1000 '
b1000 ,
b1000 =
b0 >
b11000000 *
#1930000
1"
1%
0!
b1001 #
b1001 .
1:
17
b1001 9
b1 (
b1 -
b1 >
b11000001 *
#1940000
0$
0"
0%
1!
b0 #
b0 .
08
1;
0:
07
b0 9
b10 (
b10 -
b10 >
b11000010 *
#1950000
1$
0!
b1001 #
b1001 .
18
0;
b1001 9
b11 (
b11 -
b11 >
b11000011 *
#1960000
0!
b1001 #
b1001 .
b1001 9
b100 (
b100 -
b100 >
b11000100 *
#1970000
0!
b1110 #
b1110 .
b1110 9
b101 (
b101 -
b101 >
b11000101 *
#1980000
0$
0!
b10 #
b10 .
08
b10 9
b110 (
b110 -
b110 >
b11000110 *
#1990000
1%
1!
b0 #
b0 .
1;
17
b0 9
b111 (
b111 -
b111 >
b11000111 *
#2000000
1$
0!
b1010 #
b1010 .
0%
18
0;
b1010 9
07
b0 (
b0 -
b1001 '
b1001 ,
b1001 =
b0 >
b11001000 *
#2010000
1"
1%
0!
b1000 #
b1000 .
1:
17
b1000 9
b1 (
b1 -
b1 >
b11001001 *
#2020000
0$
0"
0%
0!
b1 #
b1 .
08
0:
07
b1 9
b10 (
b10 -
b10 >
b11001010 *
#2030000
1$
0!
b1001 #
b1001 .
18
b1001 9
b11 (
b11 -
b11 >
b11001011 *
#2040000
0!
b1000 #
b1000 .
b1000 9
b100 (
b100 -
b100 >
b11001100 *
#2050000
0!
b1110 #
b1110 .
b1110 9
b101 (
b101 -
b101 >
b11001101 *
#2060000
0$
0!
b10 #
b10 .
08
b10 9
b110 (
b110 -
b110 >
b11001110 *
#2070000
1%
1!
b0 #
b0 .
1;
17
b0 9
b111 (
b111 -
b111 >
b11001111 *
#2080000
1$
0!
b1011 #
b1011 .
0%
18
0;
b1011 9
07
b0 (
b0 -
b1010 '
b1010 ,
b1010 =
b0 >
b11010000 *
#2090000
0$
1%
0!
b111 #
b111 .
08
17
b111 9
b1 (
b1 -
b1 >
b11010001 *
#2100000
0%
1!
b0 #
b0 .
1;
07
b0 9
b10 (
b10 -
b10 >
b11010010 *
#2110000
1$
0!
b1011 #
b1011 .
18
0;
b1011 9
b11 (
b11 -
b11 >
b11010011 *
#2120000
0!
b1011 #
b1011 .
b1011 9
b100 (
b100 -
b100 >
b11010100 *
#2130000
0!
b1110 #
b1110 .
b1110 9
b101 (
b101 -
b101 >
b11010101 *
#2140000
0$
0!
b10 #
b10 .
08
b10 9
b110 (
b110 -
b110 >
b11010110 *
#2150000
1%
1!
b0 #
b0 .
1;
17
b0 9
b111 (
b111 -
b111 >
b11010111 *
#2160000
1$
0!
b1100 #
b1100 .
0%
18
0;
b1100 9
07
b0 (
b0 -
b1011 '
b1011 ,
b1011 =
b0 >
b11011000 *
#2170000
0$
1%
0!
b110 #
b110 .
08
17
b110 9
b1 (
b1 -
b1 >
b11011001 *
#2180000
0%
0!
b1 #
b1 .
07
b1 9
b10 (
b10 -
b10 >
b11011010 *
#2190000
1$
0!
b1011 #
b1011 .
18
b1011 9
b11 (
b11 -
b11 >
b11011011 *
#2200000
0!
b1010 #
b1010 .
b1010 9
b100 (
b100 -
b100 >
b11011100 *
#2210000
0!
b1110 #
b1110 .
b1110 9
b101 (
b101 -
b101 >
b11011101 *
#2220000
0$
0!
b10 #
b10 .
08
b10 9
b110 (
b110 -
b110 >
b11011110 *
#2230000
1%
1!
b0 #
b0 .
1;
17
b0 9
b111 (
b111 -
b111 >
b11011111 *
#2240000
1$
0!
b1101 #
b1101 .
0%
18
0;
b1101 9
07
b0 (
b0 -
b1100 '
b1100 ,
b1100 =
b0 >
b11100000 *
#2250000
0$
1%
0!
b101 #
b101 .
08
17
b101 9
b1 (
b1 -
b1 >
b11100001 *
#2260000
0%
1!
b0 #
b0 .
1;
07
b0 9
b10 (
b10 -
b10 >
b11100010 *
#2270000
1$
0!
b1101 #
b1101 .
18
0;
b1101 9
b11 (
b11 -
b11 >
b11100011 *
#2280000
0!
b1101 #
b1101 .
b1101 9
b100 (
b100 -
b100 >
b11100100 *
#2290000
0!
b1110 #
b1110 .
b1110 9
b101 (
b101 -
b101 >
b11100101 *
#2300000
0$
0!
b10 #
b10 .
08
b10 9
b110 (
b110 -
b110 >
b11100110 *
#2310000
1%
1!
b0 #
b0 .
1;
17
b0 9
b111 (
b111 -
b111 >
b11100111 *
#2320000
1$
0!
b1110 #
b1110 .
0%
18
0;
b1110 9
07
b0 (
b0 -
b1101 '
b1101 ,
b1101 =
b0 >
b11101000 *
#2330000
0$
1%
0!
b100 #
b100 .
08
17
b100 9
b1 (
b1 -
b1 >
b11101001 *
#2340000
0%
0!
b1 #
b1 .
07
b1 9
b10 (
b10 -
b10 >
b11101010 *
#2350000
1$
0!
b1101 #
b1101 .
18
b1101 9
b11 (
b11 -
b11 >
b11101011 *
#2360000
0!
b1100 #
b1100 .
b1100 9
b100 (
b100 -
b100 >
b11101100 *
#2370000
0!
b1110 #
b1110 .
b1110 9
b101 (
b101 -
b101 >
b11101101 *
#2380000
0$
0!
b10 #
b10 .
08
b10 9
b110 (
b110 -
b110 >
b11101110 *
#2390000
1%
1!
b0 #
b0 .
1;
17
b0 9
b111 (
b111 -
b111 >
b11101111 *
#2400000
1$
0!
b1111 #
b1111 .
0%
18
0;
b1111 9
07
b0 (
b0 -
b1110 '
b1110 ,
b1110 =
b0 >
b11110000 *
#2410000
0$
1%
0!
b11 #
b11 .
08
17
b11 9
b1 (
b1 -
b1 >
b11110001 *
#2420000
0%
1!
b0 #
b0 .
1;
07
b0 9
b10 (
b10 -
b10 >
b11110010 *
#2430000
1$
0!
b1111 #
b1111 .
18
0;
b1111 9
b11 (
b11 -
b11 >
b11110011 *
#2440000
0!
b1111 #
b1111 .
b1111 9
b100 (
b100 -
b100 >
b11110100 *
#2450000
0!
b1110 #
b1110 .
b1110 9
b101 (
b101 -
b101 >
b11110101 *
#2460000
0$
0!
b10 #
b10 .
08
b10 9
b110 (
b110 -
b110 >
b11110110 *
#2470000
1%
1!
b0 #
b0 .
1;
17
b0 9
b111 (
b111 -
b111 >
b11110111 *
#2480000
1%
17
b0 (
b0 -
b1111 '
b1111 ,
b1111 =
b0 >
b11111000 *
#2490000
0!
b10 #
b10 .
1%
0;
b10 9
17
b1 (
b1 -
b1 >
b11111001 *
#2500000
0%
0!
b1 #
b1 .
07
b1 9
b10 (
b10 -
b10 >
b11111010 *
#2510000
1$
0!
b1111 #
b1111 .
18
b1111 9
b11 (
b11 -
b11 >
b11111011 *
#2520000
0!
b1110 #
b1110 .
b1110 9
b100 (
b100 -
b100 >
b11111100 *
#2530000
0!
b1110 #
b1110 .
b1110 9
b101 (
b101 -
b101 >
b11111101 *
#2540000
0$
0!
b10 #
b10 .
08
b10 9
b110 (
b110 -
b110 >
b11111110 *
#2550000
1%
1!
b0 #
b0 .
1;
17
b0 9
b111 (
b111 -
b111 >
b11111111 *
#2560000
0!
b10 #
b10 .
0%
0;
b10 9
07
b0 (
b0 -
b0 '
b0 ,
b10 &
b10 +
b10 <
b0 =
b0 >
b100000000 *
#2570000
0!
b10 #
b10 .
b10 9
b1 (
b1 -
b1 >
b100000001 *
#2580000
1!
b0 #
b0 .
1;
b0 9
b10 (
b10 -
b10 >
b100000010 *
#2590000
0!
b10 #
b10 .
0;
b10 9
b11 (
b11 -
b11 >
b100000011 *
#2600000
0!
b10 #
b10 .
b10 9
b100 (
b100 -
b100 >
b100000100 *
#2610000
1$
0!
b1101 #
b1101 .
18
b1101 9
b101 (
b101 -
b101 >
b100000101 *
#2620000
0$
0!
b100 #
b100 .
08
b100 9
b110 (
b110 -
b110 >
b100000110 *
#2630000
0!
b1 #
b1 .
b1 9
b111 (
b111 -
b111 >
b100000111 *
#2640000
0!
b11 #
b11 .
b11 9
b0 (
b0 -
b1 '
b1 ,
b1 =
b0 >
b100001000 *
#2650000
0!
b1 #
b1 .
b1 9
b1 (
b1 -
b1 >
b100001001 *
#2660000
1!
b0 #
b0 .
1;
b0 9
b10 (
b10 -
b10 >
b100001010 *
#2670000
0!
b11 #
b11 .
0;
b11 9
b11 (
b11 -
b11 >
b100001011 *
#2680000
0!
b11 #
b11 .
b11 9
b100 (
b100 -
b100 >
b100001100 *
#2690000
1$
0!
b1101 #
b1101 .
18
b1101 9
b101 (
b101 -
b101 >
b100001101 *
#2700000
0$
0!
b100 #
b100 .
08
b100 9
b110 (
b110 -
b110 >
b100001110 *
#2710000
0!
b1 #
b1 .
b1 9
b111 (
b111 -
b111 >
b100001111 *
#2720000
0!
b100 #
b100 .
b100 9
b0 (
b0 -
b10 '
b10 ,
b10 =
b0 >
b100010000 *
#2730000
1!
b0 #
b0 .
1;
b0 9
b1 (
b1 -
b1 >
b100010001 *
#2740000
0!
b10 #
b10 .
0;
b10 9
b10 (
b10 -
b10 >
b100010010 *
#2750000
0!
b10 #
b10 .
b10 9
b11 (
b11 -
b11 >
b100010011 *
#2760000
1!
b0 #
b0 .
1;
b0 9
b100 (
b100 -
b100 >
b100010100 *
#2770000
1$
0!
b1101 #
b1101 .
18
0;
b1101 9
b101 (
b101 -
b101 >
b100010101 *
#2780000
0$
0!
b100 #
b100 .
08
b100 9
b110 (
b110 -
b110 >
b100010110 *
#2790000
0!
b1 #
b1 .
b1 9
b111 (
b111 -
b111 >
b100010111 *
#2800000
0!
b101 #
b101 .
b101 9
b0 (
b0 -
b11 '
b11 ,
b11 =
b0 >
b100011000 *
#2810000
1$
1%
0!
b1111 #
b1111 .
18
17
b1111 9
b1 (
b1 -
b1 >
b100011001 *
#2820000
0$
0%
0!
b10 #
b10 .
08
07
b10 9
b10 (
b10 -
b10 >
b100011010 *
#2830000
0!
b11 #
b11 .
b11 9
b11 (
b11 -
b11 >
b100011011 *
#2840000
0!
b1 #
b1 .
b1 9
b100 (
b100 -
b100 >
b100011100 *
#2850000
1$
0!
b1101 #
b1101 .
18
b1101 9
b101 (
b101 -
b101 >
b100011101 *
#2860000
0$
0!
b100 #
b100 .
08
b100 9
b110 (
b110 -
b110 >
b100011110 *
#2870000
0!
b1 #
b1 .
b1 9
b111 (
b111 -
b111 >
b100011111 *
#2880000
0!
b110 #
b110 .
b110 9
b0 (
b0 -
b100 '
b100 ,
b100 =
b0 >
b100100000 *
#2890000
1$
1%
0!
b1110 #
b1110 .
18
17
b1110 9
b1 (
b1 -
b1 >
b100100001 *
#2900000
0$
0%
1!
b0 #
b0 .
08
1;
07
b0 9
b10 (
b10 -
b10 >
b100100010 *
#2910000
0!
b110 #
b110 .
0;
b110 9
b11 (
b11 -
b11 >
b100100011 *
#2920000
0!
b110 #
b110 .
b110 9
b100 (
b100 -
b100 >
b100100100 *
#2930000
1$
0!
b1101 #
b1101 .
18
b1101 9
b101 (
b101 -
b101 >
b100100101 *
#2940000
0$
0!
b100 #
b100 .
08
b100 9
b110 (
b110 -
b110 >
b100100110 *
#2950000
0!
b1 #
b1 .
b1 9
b111 (
b111 -
b111 >
b100100111 *
#2960000
0!
b111 #
b111 .
b111 9
b0 (
b0 -
b101 '
b101 ,
b101 =
b0 >
b100101000 *
#2970000
1$
1%
0!
b1101 #
b1101 .
18
17
b1101 9
b1 (
b1 -
b1 >
b100101001 *
#2980000
0$
0%
1!
b0 #
b0 .
08
1;
07
b0 9
b10 (
b10 -
b10 >
b100101010 *
#2990000
0!
b111 #
b111 .
0;
b111 9
b11 (
b11 -
b11 >
b100101011 *
#3000000
0!
b111 #
b111 .
b111 9
b100 (
b100 -
b100 >
b100101100 *
#3010000
1$
0!
b1101 #
b1101 .
18
b1101 9
b101 (
b101 -
b101 >
b100101101 *
#3020000
0$
0!
b100 #
b100 .
08
b100 9
b110 (
b110 -
b110 >
b100101110 *
#3030000
0!
b1 #
b1 .
b1 9
b111 (
b111 -
b111 >
b100101111 *
#3040000
1$
1"
0!
b1000 #
b1000 .
18
1:
b1000 9
b0 (
b0 -
b110 '
b110 ,
b110 =
b0 >
b100110000 *
#3050000
1%
0"
0!
b1100 #
b1100 .
17
0:
b1100 9
b1 (
b1 -
b1 >
b100110001 *
#3060000
0$
0%
0!
b10 #
b10 .
08
07
b10 9
b10 (
b10 -
b10 >
b100110010 *
#3070000
0!
b110 #
b110 .
b110 9
b11 (
b11 -
b11 >
b100110011 *
#3080000
0!
b100 #
b100 .
b100 9
b100 (
b100 -
b100 >
b100110100 *
#3090000
1$
0!
b1101 #
b1101 .
18
b1101 9
b101 (
b101 -
b101 >
b100110101 *
#3100000
0$
0!
b100 #
b100 .
08
b100 9
b110 (
b110 -
b110 >
b100110110 *
#3110000
0!
b1 #
b1 .
b1 9
b111 (
b111 -
b111 >
b100110111 *
#3120000
1$
1"
0!
b1001 #
b1001 .
18
1:
b1001 9
b0 (
b0 -
b111 '
b111 ,
b111 =
b0 >
b100111000 *
#3130000
1%
0"
0!
b1011 #
b1011 .
17
0:
b1011 9
b1 (
b1 -
b1 >
b100111001 *
#3140000
0$
0%
0!
b10 #
b10 .
08
07
b10 9
b10 (
b10 -
b10 >
b100111010 *
#3150000
0!
b111 #
b111 .
b111 9
b11 (
b11 -
b11 >
b100111011 *
#3160000
0!
b101 #
b101 .
b101 9
b100 (
b100 -
b100 >
b100111100 *
#3170000
1$
0!
b1101 #
b1101 .
18
b1101 9
b101 (
b101 -
b101 >
b100111101 *
#3180000
0$
0!
b100 #
b100 .
08
b100 9
b110 (
b110 -
b110 >
b100111110 *
#3190000
0!
b1 #
b1 .
b1 9
b111 (
b111 -
b111 >
b100111111 *
#3200000
1$
0!
b1010 #
b1010 .
18
b1010 9
b0 (
b0 -
b1000 '
b1000 ,
b1000 =
b0 >
b101000000 *
#3210000
1"
1%
0!
b1010 #
b1010 .
1:
17
b1010 9
b1 (
b1 -
b1 >
b101000001 *
#3220000
0$
0"
0%
1!
b0 #
b0 .
08
1;
0:
07
b0 9
b10 (
b10 -
b10 >
b101000010 *
#3230000
1$
0!
b1010 #
b1010 .
18
0;
b1010 9
b11 (
b11 -
b11 >
b101000011 *
#3240000
0!
b1010 #
b1010 .
b1010 9
b100 (
b100 -
b100 >
b101000100 *
#3250000
0!
b1101 #
b1101 .
b1101 9
b101 (
b101 -
b101 >
b101000101 *
#3260000
0$
0!
b100 #
b100 .
08
b100 9
b110 (
b110 -
b110 >
b101000110 *
#3270000
0!
b1 #
b1 .
b1 9
b111 (
b111 -
b111 >
b101000111 *
#3280000
1$
0!
b1011 #
b1011 .
18
b1011 9
b0 (
b0 -
b1001 '
b1001 ,
b1001 =
b0 >
b101001000 *
#3290000
1"
1%
0!
b1001 #
b1001 .
1:
17
b1001 9
b1 (
b1 -
b1 >
b101001001 *
#3300000
0$
0"
0%
1!
b0 #
b0 .
08
1;
0:
07
b0 9
b10 (
b10 -
b10 >
b101001010 *
#3310000
1$
0!
b1011 #
b1011 .
18
0;
b1011 9
b11 (
b11 -
b11 >
b101001011 *
#3320000
0!
b1011 #
b1011 .
b1011 9
b100 (
b100 -
b100 >
b101001100 *
#3330000
0!
b1101 #
b1101 .
b1101 9
b101 (
b101 -
b101 >
b101001101 *
#3340000
0$
0!
b100 #
b100 .
08
b100 9
b110 (
b110 -
b110 >
b101001110 *
#3350000
0!
b1 #
b1 .
b1 9
b111 (
b111 -
b111 >
b101001111 *
#3360000
1$
0!
b1100 #
b1100 .
18
b1100 9
b0 (
b0 -
b1010 '
b1010 ,
b1010 =
b0 >
b101010000 *
#3370000
1"
1%
0!
b1000 #
b1000 .
1:
17
b1000 9
b1 (
b1 -
b1 >
b101010001 *
#3380000
0$
0"
0%
0!
b10 #
b10 .
08
0:
07
b10 9
b10 (
b10 -
b10 >
b101010010 *
#3390000
1$
0!
b1010 #
b1010 .
18
b1010 9
b11 (
b11 -
b11 >
b101010011 *
#3400000
0!
b1000 #
b1000 .
b1000 9
b100 (
b100 -
b100 >
b101010100 *
#3410000
0!
b1101 #
b1101 .
b1101 9
b101 (
b101 -
b101 >
b101010101 *
#3420000
0$
0!
b100 #
b100 .
08
b100 9
b110 (
b110 -
b110 >
b101010110 *
#3430000
0!
b1 #
b1 .
b1 9
b111 (
b111 -
b111 >
b101010111 *
#3440000
1$
0!
b1101 #
b1101 .
18
b1101 9
b0 (
b0 -
b1011 '
b1011 ,
b1011 =
b0 >
b101011000 *
#3450000
0$
1%
0!
b111 #
b111 .
08
17
b111 9
b1 (
b1 -
b1 >
b101011001 *
#3460000
0%
0!
b10 #
b10 .
07
b10 9
b10 (
b10 -
b10 >
b101011010 *
#3470000
1$
0!
b1011 #
b1011 .
18
b1011 9
b11 (
b11 -
b11 >
b101011011 *
#3480000
0!
b1001 #
b1001 .
b1001 9
b100 (
b100 -
b100 >
b101011100 *
#3490000
0!
b1101 #
b1101 .
b1101 9
b101 (
b101 -
b101 >
b101011101 *
#3500000
0$
0!
b100 #
b100 .
08
b100 9
b110 (
b110 -
b110 >
b101011110 *
#3510000
0!
b1 #
b1 .
b1 9
b111 (
b111 -
b111 >
b101011111 *
#3520000
1$
0!
b1110 #
b1110 .
18
b1110 9
b0 (
b0 -
b1100 '
b1100 ,
b1100 =
b0 >
b101100000 *
#3530000
0$
1%
0!
b110 #
b110 .
08
17
b110 9
b1 (
b1 -
b1 >
b101100001 *
#3540000
0%
1!
b0 #
b0 .
1;
07
b0 9
b10 (
b10 -
b10 >
b101100010 *
#3550000
1$
0!
b1110 #
b1110 .
18
0;
b1110 9
b11 (
b11 -
b11 >
b101100011 *
#3560000
0!
b1110 #
b1110 .
b1110 9
b100 (
b100 -
b100 >
b101100100 *
#3570000
0!
b1101 #
b1101 .
b1101 9
b101 (
b101 -
b101 >
b101100101 *
#3580000
0$
0!
b100 #
b100 .
08
b100 9
b110 (
b110 -
b110 >
b101100110 *
#3590000
0!
b1 #
b1 .
b1 9
b111 (
b111 -
b111 >
b101100111 *
#3600000
1$
0!
b1111 #
b1111 .
18
b1111 9
b0 (
b0 -
b1101 '
b1101 ,
b1101 =
b0 >
b101101000 *
#3610000
0$
1%
0!
b101 #
b101 .
08
17
b101 9
b1 (
b1 -
b1 >
b101101001 *
#3620000
0%
1!
b0 #
b0 .
1;
07
b0 9
b10 (
b10 -
b10 >
b101101010 *
#3630000
1$
0!
b1111 #
b1111 .
18
0;
b1111 9
b11 (
b11 -
b11 >
b101101011 *
#3640000
0!
b1111 #
b1111 .
b1111 9
b100 (
b100 -
b100 >
b101101100 *
#3650000
0!
b1101 #
b1101 .
b1101 9
b101 (
b101 -
b101 >
b101101101 *
#3660000
0$
0!
b100 #
b100 .
08
b100 9
b110 (
b110 -
b110 >
b101101110 *
#3670000
0!
b1 #
b1 .
b1 9
b111 (
b111 -
b111 >
b101101111 *
#3680000
1%
1!
b0 #
b0 .
1;
17
b0 9
b0 (
b0 -
b1110 '
b1110 ,
b1110 =
b0 >
b101110000 *
#3690000
0!
b100 #
b100 .
1%
0;
b100 9
17
b1 (
b1 -
b1 >
b101110001 *
#3700000
0%
0!
b10 #
b10 .
07
b10 9
b10 (
b10 -
b10 >
b101110010 *
#3710000
1$
0!
b1110 #
b1110 .
18
b1110 9
b11 (
b11 -
b11 >
b101110011 *
#3720000
0!
b1100 #
b1100 .
b1100 9
b100 (
b100 -
b100 >
b101110100 *
#3730000
0!
b1101 #
b1101 .
b1101 9
b101 (
b101 -
b101 >
b101110101 *
#3740000
0$
0!
b100 #
b100 .
08
b100 9
b110 (
b110 -
b110 >
b101110110 *
#3750000
0!
b1 #
b1 .
b1 9
b111 (
b111 -
b111 >
b101110111 *
#3760000
1%
0!
b1 #
b1 .
17
b1 9
b0 (
b0 -
b1111 '
b1111 ,
b1111 =
b0 >
b101111000 *
#3770000
1%
0!
b11 #
b11 .
17
b11 9
b1 (
b1 -
b1 >
b101111001 *
#3780000
0%
0!
b10 #
b10 .
07
b10 9
b10 (
b10 -
b10 >
b101111010 *
#3790000
1$
0!
b1111 #
b1111 .
18
b1111 9
b11 (
b11 -
b11 >
b101111011 *
#3800000
0!
b1101 #
b1101 .
b1101 9
b100 (
b100 -
b100 >
b101111100 *
#3810000
0!
b1101 #
b1101 .
b1101 9
b101 (
b101 -
b101 >
b101111101 *
#3820000
0$
0!
b100 #
b100 .
08
b100 9
b110 (
b110 -
b110 >
b101111110 *
#3830000
0!
b1 #
b1 .
b1 9
b111 (
b111 -
b111 >
b101111111 *
#3840000
0!
b11 #
b11 .
b11 9
b0 (
b0 -
b0 '
b0 ,
b11 &
b11 +
b11 <
b0 =
b0 >
b110000000 *
#3850000
0!
b11 #
b11 .
b11 9
b1 (
b1 -
b1 >
b110000001 *
#3860000
1!
b0 #
b0 .
1;
b0 9
b10 (
b10 -
b10 >
b110000010 *
#3870000
0!
b11 #
b11 .
0;
b11 9
b11 (
b11 -
b11 >
b110000011 *
#3880000
0!
b11 #
b11 .
b11 9
b100 (
b100 -
b100 >
b110000100 *
#3890000
1$
0!
b1100 #
b1100 .
18
b1100 9
b101 (
b101 -
b101 >
b110000101 *
#3900000
0$
0!
b110 #
b110 .
08
b110 9
b110 (
b110 -
b110 >
b110000110 *
#3910000
1%
0!
b1 #
b1 .
17
b1 9
b111 (
b111 -
b111 >
b110000111 *
#3920000
0%
0!
b100 #
b100 .
07
b100 9
b0 (
b0 -
b1 '
b1 ,
b1 =
b0 >
b110001000 *
#3930000
0!
b10 #
b10 .
b10 9
b1 (
b1 -
b1 >
b110001001 *
#3940000
0!
b1 #
b1 .
b1 9
b10 (
b10 -
b10 >
b110001010 *
#3950000
0!
b11 #
b11 .
b11 9
b11 (
b11 -
b11 >
b110001011 *
#3960000
0!
b10 #
b10 .
b10 9
b100 (
b100 -
b100 >
b110001100 *
#3970000
1$
0!
b1100 #
b1100 .
18
b1100 9
b101 (
b101 -
b101 >
b110001101 *
#3980000
0$
0!
b110 #
b110 .
08
b110 9
b110 (
b110 -
b110 >
b110001110 *
#3990000
1%
0!
b1 #
b1 .
17
b1 9
b111 (
b111 -
b111 >
b110001111 *
#4000000
0%
0!
b101 #
b101 .
07
b101 9
b0 (
b0 -
b10 '
b10 ,
b10 =
b0 >
b110010000 *
#4010000
0!
b1 #
b1 .
b1 9
b1 (
b1 -
b1 >
b110010001 *
#4020000
0!
b10 #
b10 .
b10 9
b10 (
b10 -
b10 >
b110010010 *
#4030000
0!
b11 #
b11 .
b11 9
b11 (
b11 -
b11 >
b110010011 *
#4040000
0!
b1 #
b1 .
b1 9
b100 (
b100 -
b100 >
b110010100 *
#4050000
1$
0!
b1100 #
b1100 .
18
b1100 9
b101 (
b101 -
b101 >
b110010101 *
#4060000
0$
0!
b110 #
b110 .
08
b110 9
b110 (
b110 -
b110 >
b110010110 *
#4070000
1%
0!
b1 #
b1 .
17
b1 9
b111 (
b111 -
b111 >
b110010111 *
#4080000
0%
0!
b110 #
b110 .
07
b110 9
b0 (
b0 -
b11 '
b11 ,
b11 =
b0 >
b110011000 *
#4090000
1!
b0 #
b0 .
1;
b0 9
b1 (
b1 -
b1 >
b110011001 *
#4100000
0!
b11 #
b11 .
0;
b11 9
b10 (
b10 -
b10 >
b110011010 *
#4110000
0!
b11 #
b11 .
b11 9
b11 (
b11 -
b11 >
b110011011 *
#4120000
1!
b0 #
b0 .
1;
b0 9
b100 (
b100 -
b100 >
b110011100 *
#4130000
1$
0!
b1100 #
b1100 .
18
0;
b1100 9
b101 (
b101 -
b101 >
b110011101 *
#4140000
0$
0!
b110 #
b110 .
08
b110 9
b110 (
b110 -
b110 >
b110011110 *
#4150000
1%
0!
b1 #
b1 .
17
b1 9
b111 (
b111 -
b111 >
b110011111 *
#4160000
0%
0!
b111 #
b111 .
07
b111 9
b0 (
b0 -
b100 '
b100 ,
b100 =
b0 >
b110100000 *
#4170000
1$
1%
0!
b1111 #
b1111 .
18
17
b1111 9
b1 (
b1 -
b1 >
b110100001 *
#4180000
0$
0%
1!
b0 #
b0 .
08
1;
07
b0 9
b10 (
b10 -
b10 >
b110100010 *
#4190000
0!
b111 #
b111 .
0;
b111 9
b11 (
b11 -
b11 >
b110100011 *
#4200000
0!
b111 #
b111 .
b111 9
b100 (
b100 -
b100 >
b110100100 *
#4210000
1$
0!
b1100 #
b1100 .
18
b1100 9
b101 (
b101 -
b101 >
b110100101 *
#4220000
0$
0!
b110 #
b110 .
08
b110 9
b110 (
b110 -
b110 >
b110100110 *
#4230000
1%
0!
b1 #
b1 .
17
b1 9
b111 (
b111 -
b111 >
b110100111 *
#4240000
1$
1"
0%
0!
b1000 #
b1000 .
18
1:
07
b1000 9
b0 (
b0 -
b101 '
b101 ,
b101 =
b0 >
b110101000 *
#4250000
1%
0"
0!
b1110 #
b1110 .
17
0:
b1110 9
b1 (
b1 -
b1 >
b110101001 *
#4260000
0$
0%
0!
b1 #
b1 .
08
07
b1 9
b10 (
b10 -
b10 >
b110101010 *
#4270000
0!
b111 #
b111 .
b111 9
b11 (
b11 -
b11 >
b110101011 *
#4280000
0!
b110 #
b110 .
b110 9
b100 (
b100 -
b100 >
b110101100 *
#4290000
1$
0!
b1100 #
b1100 .
18
b1100 9
b101 (
b101 -
b101 >
b110101101 *
#4300000
0$
0!
b110 #
b110 .
08
b110 9
b110 (
b110 -
b110 >
b110101110 *
#4310000
1%
0!
b1 #
b1 .
17
b1 9
b111 (
b111 -
b111 >
b110101111 *
#4320000
1$
1"
0%
0!
b1001 #
b1001 .
18
1:
07
b1001 9
b0 (
b0 -
b110 '
b110 ,
b110 =
b0 >
b110110000 *
#4330000
1%
0"
0!
b1101 #
b1101 .
17
0:
b1101 9
b1 (
b1 -
b1 >
b110110001 *
#4340000
0$
0%
0!
b10 #
b10 .
08
07
b10 9
b10 (
b10 -
b10 >
b110110010 *
#4350000
0!
b111 #
b111 .
b111 9
b11 (
b11 -
b11 >
b110110011 *
#4360000
0!
b101 #
b101 .
b101 9
b100 (
b100 -
b100 >
b110110100 *
#4370000
1$
0!
b1100 #
b1100 .
18
b1100 9
b101 (
b101 -
b101 >
b110110101 *
#4380000
0$
0!
b110 #
b110 .
08
b110 9
b110 (
b110 -
b110 >
b110110110 *
#4390000
1%
0!
b1 #
b1 .
17
b1 9
b111 (
b111 -
b111 >
b110110111 *
#4400000
1$
1"
0%
0!
b1010 #
b1010 .
18
1:
07
b1010 9
b0 (
b0 -
b111 '
b111 ,
b111 =
b0 >
b110111000 *
#4410000
1%
0"
0!
b1100 #
b1100 .
17
0:
b1100 9
b1 (
b1 -
b1 >
b110111001 *
#4420000
0$
0%
0!
b11 #
b11 .
08
07
b11 9
b10 (
b10 -
b10 >
b110111010 *
#4430000
0!
b111 #
b111 .
b111 9
b11 (
b11 -
b11 >
b110111011 *
#4440000
0!
b100 #
b100 .
b100 9
b100 (
b100 -
b100 >
b110111100 *
#4450000
1$
0!
b1100 #
b1100 .
18
b1100 9
b101 (
b101 -
b101 >
b110111101 *
#4460000
0$
0!
b110 #
b110 .
08
b110 9
b110 (
b110 -
b110 >
b110111110 *
#4470000
1%
0!
b1 #
b1 .
17
b1 9
b111 (
b111 -
b111 >
b110111111 *
#4480000
1$
0%
0!
b1011 #
b1011 .
18
07
b1011 9
b0 (
b0 -
b1000 '
b1000 ,
b1000 =
b0 >
b111000000 *
#4490000
1"
1%
0!
b1011 #
b1011 .
1:
17
b1011 9
b1 (
b1 -
b1 >
b111000001 *
#4500000
0$
0"
0%
1!
b0 #
b0 .
08
1;
0:
07
b0 9
b10 (
b10 -
b10 >
b111000010 *
#4510000
1$
0!
b1011 #
b1011 .
18
0;
b1011 9
b11 (
b11 -
b11 >
b111000011 *
#4520000
0!
b1011 #
b1011 .
b1011 9
b100 (
b100 -
b100 >
b111000100 *
#4530000
0!
b1100 #
b1100 .
b1100 9
b101 (
b101 -
b101 >
b111000101 *
#4540000
0$
0!
b110 #
b110 .
08
b110 9
b110 (
b110 -
b110 >
b111000110 *
#4550000
1%
0!
b1 #
b1 .
17
b1 9
b111 (
b111 -
b111 >
b111000111 *
#4560000
1$
0%
0!
b1100 #
b1100 .
18
07
b1100 9
b0 (
b0 -
b1001 '
b1001 ,
b1001 =
b0 >
b111001000 *
#4570000
1"
1%
0!
b1010 #
b1010 .
1:
17
b1010 9
b1 (
b1 -
b1 >
b111001001 *
#4580000
0$
0"
0%
0!
b1 #
b1 .
08
0:
07
b1 9
b10 (
b10 -
b10 >
b111001010 *
#4590000
1$
0!
b1011 #
b1011 .
18
b1011 9
b11 (
b11 -
b11 >
b111001011 *
#4600000
0!
b1010 #
b1010 .
b1010 9
b100 (
b100 -
b100 >
b111001100 *
#4610000
0!
b1100 #
b1100 .
b1100 9
b101 (
b101 -
b101 >
b111001101 *
#4620000
0$
0!
b110 #
b110 .
08
b110 9
b110 (
b110 -
b110 >
b111001110 *
#4630000
1%
0!
b1 #
b1 .
17
b1 9
b111 (
b111 -
b111 >
b111001111 *
#4640000
1$
0%
0!
b1101 #
b1101 .
18
07
b1101 9
b0 (
b0 -
b1010 '
b1010 ,
b1010 =
b0 >
b111010000 *
#4650000
1"
1%
0!
b1001 #
b1001 .
1:
17
b1001 9
b1 (
b1 -
b1 >
b111010001 *
#4660000
0$
0"
0%
0!
b10 #
b10 .
08
0:
07
b10 9
b10 (
b10 -
b10 >
b111010010 *
#4670000
1$
0!
b1011 #
b1011 .
18
b1011 9
b11 (
b11 -
b11 >
b111010011 *
#4680000
0!
b1001 #
b1001 .
b1001 9
b100 (
b100 -
b100 >
b111010100 *
#4690000
0!
b1100 #
b1100 .
b1100 9
b101 (
b101 -
b101 >
b111010101 *
#4700000
0$
0!
b110 #
b110 .
08
b110 9
b110 (
b110 -
b110 >
b111010110 *
#4710000
1%
0!
b1 #
b1 .
17
b1 9
b111 (
b111 -
b111 >
b111010111 *
#4720000
1$
0%
0!
b1110 #
b1110 .
18
07
b1110 9
b0 (
b0 -
b1011 '
b1011 ,
b1011 =
b0 >
b111011000 *
#4730000
1"
1%
0!
b1000 #
b1000 .
1:
17
b1000 9
b1 (
b1 -
b1 >
b111011001 *
#4740000
0$
0"
0%
0!
b11 #
b11 .
08
0:
07
b11 9
b10 (
b10 -
b10 >
b111011010 *
#4750000
1$
0!
b1011 #
b1011 .
18
b1011 9
b11 (
b11 -
b11 >
b111011011 *
#4760000
0!
b1000 #
b1000 .
b1000 9
b100 (
b100 -
b100 >
b111011100 *
#4770000
0!
b1100 #
b1100 .
b1100 9
b101 (
b101 -
b101 >
b111011101 *
#4780000
0$
0!
b110 #
b110 .
08
b110 9
b110 (
b110 -
b110 >
b111011110 *
#4790000
1%
0!
b1 #
b1 .
17
b1 9
b111 (
b111 -
b111 >
b111011111 *
#4800000
1$
0%
0!
b1111 #
b1111 .
18
07
b1111 9
b0 (
b0 -
b1100 '
b1100 ,
b1100 =
b0 >
b111100000 *
#4810000
0$
1%
0!
b111 #
b111 .
08
17
b111 9
b1 (
b1 -
b1 >
b111100001 *
#4820000
0%
1!
b0 #
b0 .
1;
07
b0 9
b10 (
b10 -
b10 >
b111100010 *
#4830000
1$
0!
b1111 #
b1111 .
18
0;
b1111 9
b11 (
b11 -
b11 >
b111100011 *
#4840000
0!
b1111 #
b1111 .
b1111 9
b100 (
b100 -
b100 >
b111100100 *
#4850000
0!
b1100 #
b1100 .
b1100 9
b101 (
b101 -
b101 >
b111100101 *
#4860000
0$
0!
b110 #
b110 .
08
b110 9
b110 (
b110 -
b110 >
b111100110 *
#4870000
1%
0!
b1 #
b1 .
17
b1 9
b111 (
b111 -
b111 >
b111100111 *
#4880000
1%
1!
b0 #
b0 .
1;
17
b0 9
b0 (
b0 -
b1101 '
b1101 ,
b1101 =
b0 >
b111101000 *
#4890000
0!
b110 #
b110 .
1%
0;
b110 9
17
b1 (
b1 -
b1 >
b111101001 *
#4900000
0%
0!
b1 #
b1 .
07
b1 9
b10 (
b10 -
b10 >
b111101010 *
#4910000
1$
0!
b1111 #
b1111 .
18
b1111 9
b11 (
b11 -
b11 >
b111101011 *
#4920000
0!
b1110 #
b1110 .
b1110 9
b100 (
b100 -
b100 >
b111101100 *
#4930000
0!
b1100 #
b1100 .
b1100 9
b101 (
b101 -
b101 >
b111101101 *
#4940000
0$
0!
b110 #
b110 .
08
b110 9
b110 (
b110 -
b110 >
b111101110 *
#4950000
1%
0!
b1 #
b1 .
17
b1 9
b111 (
b111 -
b111 >
b111101111 *
#4960000
1%
0!
b1 #
b1 .
17
b1 9
b0 (
b0 -
b1110 '
b1110 ,
b1110 =
b0 >
b111110000 *
#4970000
1%
0!
b101 #
b101 .
17
b101 9
b1 (
b1 -
b1 >
b111110001 *
#4980000
0%
0!
b10 #
b10 .
07
b10 9
b10 (
b10 -
b10 >
b111110010 *
#4990000
1$
0!
b1111 #
b1111 .
18
b1111 9
b11 (
b11 -
b11 >
b111110011 *
#5000000
0!
b1101 #
b1101 .
b1101 9
b100 (
b100 -
b100 >
b111110100 *
#5010000
0!
b1100 #
b1100 .
b1100 9
b101 (
b101 -
b101 >
b111110101 *
#5020000
0$
0!
b110 #
b110 .
08
b110 9
b110 (
b110 -
b110 >
b111110110 *
#5030000
1%
0!
b1 #
b1 .
17
b1 9
b111 (
b111 -
b111 >
b111110111 *
#5040000
1%
0!
b10 #
b10 .
17
b10 9
b0 (
b0 -
b1111 '
b1111 ,
b1111 =
b0 >
b111111000 *
#5050000
1%
0!
b100 #
b100 .
17
b100 9
b1 (
b1 -
b1 >
b111111001 *
#5060000
0%
0!
b11 #
b11 .
07
b11 9
b10 (
b10 -
b10 >
b111111010 *
#5070000
1$
0!
b1111 #
b1111 .
18
b1111 9
b11 (
b11 -
b11 >
b111111011 *
#5080000
0!
b1100 #
b1100 .
b1100 9
b100 (
b100 -
b100 >
b111111100 *
#5090000
0!
b1100 #
b1100 .
b1100 9
b101 (
b101 -
b101 >
b111111101 *
#5100000
0$
0!
b110 #
b110 .
08
b110 9
b110 (
b110 -
b110 >
b111111110 *
#5110000
1%
0!
b1 #
b1 .
17
b1 9
b111 (
b111 -
b111 >
b111111111 *
#5120000
0%
0!
b100 #
b100 .
07
b100 9
b0 (
b0 -
b0 '
b0 ,
b100 &
b100 +
b100 <
b0 =
b0 >
b1000000000 *
#5130000
0!
b100 #
b100 .
b100 9
b1 (
b1 -
b1 >
b1000000001 *
#5140000
1!
b0 #
b0 .
1;
b0 9
b10 (
b10 -
b10 >
b1000000010 *
#5150000
0!
b100 #
b100 .
0;
b100 9
b11 (
b11 -
b11 >
b1000000011 *
#5160000
0!
b100 #
b100 .
b100 9
b100 (
b100 -
b100 >
b1000000100 *
#5170000
1$
0!
b1011 #
b1011 .
18
b1011 9
b101 (
b101 -
b101 >
b1000000101 *
#5180000
0!
b1000 #
b1000 .
b1000 9
b110 (
b110 -
b110 >
b1000000110 *
#5190000
0$
0!
b10 #
b10 .
08
b10 9
b111 (
b111 -
b111 >
b1000000111 *
#5200000
0!
b101 #
b101 .
b101 9
b0 (
b0 -
b1 '
b1 ,
b1 =
b0 >
b1000001000 *
#5210000
0!
b11 #
b11 .
b11 9
b1 (
b1 -
b1 >
b1000001001 *
#5220000
1!
b0 #
b0 .
1;
b0 9
b10 (
b10 -
b10 >
b1000001010 *
#5230000
0!
b101 #
b101 .
0;
b101 9
b11 (
b11 -
b11 >
b1000001011 *
#5240000
0!
b101 #
b101 .
b101 9
b100 (
b100 -
b100 >
b1000001100 *
#5250000
1$
0!
b1011 #
b1011 .
18
b1011 9
b101 (
b101 -
b101 >
b1000001101 *
#5260000
0!
b1000 #
b1000 .
b1000 9
b110 (
b110 -
b110 >
b1000001110 *
#5270000
0$
0!
b10 #
b10 .
08
b10 9
b111 (
b111 -
b111 >
b1000001111 *
#5280000
0!
b110 #
b110 .
b110 9
b0 (
b0 -
b10 '
b10 ,
b10 =
b0 >
b1000010000 *
#5290000
0!
b10 #
b10 .
b10 9
b1 (
b1 -
b1 >
b1000010001 *
#5300000
1!
b0 #
b0 .
1;
b0 9
b10 (
b10 -
b10 >
b1000010010 *
#5310000
0!
b110 #
b110 .
0;
b110 9
b11 (
b11 -
b11 >
b1000010011 *
#5320000
0!
b110 #
b110 .
b110 9
b100 (
b100 -
b100 >
b1000010100 *
#5330000
1$
0!
b1011 #
b1011 .
18
b1011 9
b101 (
b101 -
b101 >
b1000010101 *
#5340000
0!
b1000 #
b1000 .
b1000 9
b110 (
b110 -
b110 >
b1000010110 *
#5350000
0$
0!
b10 #
b10 .
08
b10 9
b111 (
b111 -
b111 >
b1000010111 *
#5360000
0!
b111 #
b111 .
b111 9
b0 (
b0 -
b11 '
b11 ,
b11 =
b0 >
b1000011000 *
#5370000
0!
b1 #
b1 .
b1 9
b1 (
b1 -
b1 >
b1000011001 *
#5380000
1!
b0 #
b0 .
1;
b0 9
b10 (
b10 -
b10 >
b1000011010 *
#5390000
0!
b111 #
b111 .
0;
b111 9
b11 (
b11 -
b11 >
b1000011011 *
#5400000
0!
b111 #
b111 .
b111 9
b100 (
b100 -
b100 >
b1000011100 *
#5410000
1$
0!
b1011 #
b1011 .
18
b1011 9
b101 (
b101 -
b101 >
b1000011101 *
#5420000
0!
b1000 #
b1000 .
b1000 9
b110 (
b110 -
b110 >
b1000011110 *
#5430000
0$
0!
b10 #
b10 .
08
b10 9
b111 (
b111 -
b111 >
b1000011111 *
#5440000
1$
1"
0!
b1000 #
b1000 .
18
1:
b1000 9
b0 (
b0 -
b100 '
b100 ,
b100 =
b0 >
b1000100000 *
#5450000
0$
0"
1!
b0 #
b0 .
08
1;
0:
b0 9
b1 (
b1 -
b1 >
b1000100001 *
#5460000
0!
b100 #
b100 .
0;
b100 9
b10 (
b10 -
b10 >
b1000100010 *
#5470000
0!
b100 #
b100 .
b100 9
b11 (
b11 -
b11 >
b1000100011 *
#5480000
1!
b0 #
b0 .
1;
b0 9
b100 (
b100 -
b100 >
b1000100100 *
#5490000
1$
0!
b1011 #
b1011 .
18
0;
b1011 9
b101 (
b101 -
b101 >
b1000100101 *
#5500000
0!
b1000 #
b1000 .
b1000 9
b110 (
b110 -
b110 >
b1000100110 *
#5510000
0$
0!
b10 #
b10 .
08
b10 9
b111 (
b111 -
b111 >
b1000100111 *
#5520000
1$
1"
0!
b1001 #
b1001 .
18
1:
b1001 9
b0 (
b0 -
b101 '
b101 ,
b101 =
b0 >
b1000101000 *
#5530000
1%
0"
0!
b1111 #
b1111 .
17
0:
b1111 9
b1 (
b1 -
b1 >
b1000101001 *
#5540000
0$
0%
0!
b100 #
b100 .
08
07
b100 9
b10 (
b10 -
b10 >
b1000101010 *
#5550000
0!
b101 #
b101 .
b101 9
b11 (
b11 -
b11 >
b1000101011 *
#5560000
0!
b1 #
b1 .
b1 9
b100 (
b100 -
b100 >
b1000101100 *
#5570000
1$
0!
b1011 #
b1011 .
18
b1011 9
b101 (
b101 -
b101 >
b1000101101 *
#5580000
0!
b1000 #
b1000 .
b1000 9
b110 (
b110 -
b110 >
b1000101110 *
#5590000
0$
0!
b10 #
b10 .
08
b10 9
b111 (
b111 -
b111 >
b1000101111 *
#5600000
1$
1"
0!
b1010 #
b1010 .
18
1:
b1010 9
b0 (
b0 -
b110 '
b110 ,
b110 =
b0 >
b1000110000 *
#5610000
1%
0"
0!
b1110 #
b1110 .
17
0:
b1110 9
b1 (
b1 -
b1 >
b1000110001 *
#5620000
0$
0%
0!
b100 #
b100 .
08
07
b100 9
b10 (
b10 -
b10 >
b1000110010 *
#5630000
0!
b110 #
b110 .
b110 9
b11 (
b11 -
b11 >
b1000110011 *
#5640000
0!
b10 #
b10 .
b10 9
b100 (
b100 -
b100 >
b1000110100 *
#5650000
1$
0!
b1011 #
b1011 .
18
b1011 9
b101 (
b101 -
b101 >
b1000110101 *
#5660000
0!
b1000 #
b1000 .
b1000 9
b110 (
b110 -
b110 >
b1000110110 *
#5670000
0$
0!
b10 #
b10 .
08
b10 9
b111 (
b111 -
b111 >
b1000110111 *
#5680000
1$
1"
0!
b1011 #
b1011 .
18
1:
b1011 9
b0 (
b0 -
b111 '
b111 ,
b111 =
b0 >
b1000111000 *
#5690000
1%
0"
0!
b1101 #
b1101 .
17
0:
b1101 9
b1 (
b1 -
b1 >
b1000111001 *
#5700000
0$
0%
0!
b100 #
b100 .
08
07
b100 9
b10 (
b10 -
b10 >
b1000111010 *
#5710000
0!
b111 #
b111 .
b111 9
b11 (
b11 -
b11 >
b1000111011 *
#5720000
0!
b11 #
b11 .
b11 9
b100 (
b100 -
b100 >
b1000111100 *
#5730000
1$
0!
b1011 #
b1011 .
18
b1011 9
b101 (
b101 -
b101 >
b1000111101 *
#5740000
0!
b1000 #
b1000 .
b1000 9
b110 (
b110 -
b110 >
b1000111110 *
#5750000
0$
0!
b10 #
b10 .
08
b10 9
b111 (
b111 -
b111 >
b1000111111 *
#5760000
1$
0!
b1100 #
b1100 .
18
b1100 9
b0 (
b0 -
b1000 '
b1000 ,
b1000 =
b0 >
b1001000000 *
#5770000
1"
1%
0!
b1100 #
b1100 .
1:
17
b1100 9
b1 (
b1 -
b1 >
b1001000001 *
#5780000
0$
0"
0%
1!
b0 #
b0 .
08
1;
0:
07
b0 9
b10 (
b10 -
b10 >
b1001000010 *
#5790000
1$
0!
b1100 #
b1100 .
18
0;
b1100 9
b11 (
b11 -
b11 >
b1001000011 *
#5800000
0!
b1100 #
b1100 .
b1100 9
b100 (
b100 -
b100 >
b1001000100 *
#5810000
0!
b1011 #
b1011 .
b1011 9
b101 (
b101 -
b101 >
b1001000101 *
#5820000
0!
b1000 #
b1000 .
b1000 9
b110 (
b110 -
b110 >
b1001000110 *
#5830000
0$
0!
b10 #
b10 .
08
b10 9
b111 (
b111 -
b111 >
b1001000111 *
#5840000
1$
0!
b1101 #
b1101 .
18
b1101 9
b0 (
b0 -
b1001 '
b1001 ,
b1001 =
b0 >
b1001001000 *
#5850000
1"
1%
0!
b1011 #
b1011 .
1:
17
b1011 9
b1 (
b1 -
b1 >
b1001001001 *
#5860000
0$
0"
0%
1!
b0 #
b0 .
08
1;
0:
07
b0 9
b10 (
b10 -
b10 >
b1001001010 *
#5870000
1$
0!
b1101 #
b1101 .
18
0;
b1101 9
b11 (
b11 -
b11 >
b1001001011 *
#5880000
0!
b1101 #
b1101 .
b1101 9
b100 (
b100 -
b100 >
b1001001100 *
#5890000
0!
b1011 #
b1011 .
b1011 9
b101 (
b101 -
b101 >
b1001001101 *
#5900000
0!
b1000 #
b1000 .
b1000 9
b110 (
b110 -
b110 >
b1001001110 *
#5910000
0$
0!
b10 #
b10 .
08
b10 9
b111 (
b111 -
b111 >
b1001001111 *
#5920000
1$
0!
b1110 #
b1110 .
18
b1110 9
b0 (
b0 -
b1010 '
b1010 ,
b1010 =
b0 >
b1001010000 *
#5930000
1"
1%
0!
b1010 #
b1010 .
1:
17
b1010 9
b1 (
b1 -
b1 >
b1001010001 *
#5940000
0$
0"
0%
1!
b0 #
b0 .
08
1;
0:
07
b0 9
b10 (
b10 -
b10 >
b1001010010 *
#5950000
1$
0!
b1110 #
b1110 .
18
0;
b1110 9
b11 (
b11 -
b11 >
b1001010011 *
#5960000
0!
b1110 #
b1110 .
b1110 9
b100 (
b100 -
b100 >
b1001010100 *
#5970000
0!
b1011 #
b1011 .
b1011 9
b101 (
b101 -
b101 >
b1001010101 *
#5980000
0!
b1000 #
b1000 .
b1000 9
b110 (
b110 -
b110 >
b1001010110 *
#5990000
0$
0!
b10 #
b10 .
08
b10 9
b111 (
b111 -
b111 >
b1001010111 *
#6000000
1$
0!
b1111 #
b1111 .
18
b1111 9
b0 (
b0 -
b1011 '
b1011 ,
b1011 =
b0 >
b1001011000 *
#6010000
1"
1%
0!
b1001 #
b1001 .
1:
17
b1001 9
b1 (
b1 -
b1 >
b1001011001 *
#6020000
0$
0"
0%
1!
b0 #
b0 .
08
1;
0:
07
b0 9
b10 (
b10 -
b10 >
b1001011010 *
#6030000
1$
0!
b1111 #
b1111 .
18
0;
b1111 9
b11 (
b11 -
b11 >
b1001011011 *
#6040000
0!
b1111 #
b1111 .
b1111 9
b100 (
b100 -
b100 >
b1001011100 *
#6050000
0!
b1011 #
b1011 .
b1011 9
b101 (
b101 -
b101 >
b1001011101 *
#6060000
0!
b1000 #
b1000 .
b1000 9
b110 (
b110 -
b110 >
b1001011110 *
#6070000
0$
0!
b10 #
b10 .
08
b10 9
b111 (
b111 -
b111 >
b1001011111 *
#6080000
1%
1!
b0 #
b0 .
1;
17
b0 9
b0 (
b0 -
b1100 '
b1100 ,
b1100 =
b0 >
b1001100000 *
#6090000
1$
1"
0!
b1000 #
b1000 .
1%
18
0;
1:
b1000 9
17
b1 (
b1 -
b1 >
b1001100001 *
#6100000
0$
0"
0%
0!
b100 #
b100 .
08
0:
07
b100 9
b10 (
b10 -
b10 >
b1001100010 *
#6110000
1$
0!
b1100 #
b1100 .
18
b1100 9
b11 (
b11 -
b11 >
b1001100011 *
#6120000
0!
b1000 #
b1000 .
b1000 9
b100 (
b100 -
b100 >
b1001100100 *
#6130000
0!
b1011 #
b1011 .
b1011 9
b101 (
b101 -
b101 >
b1001100101 *
#6140000
0!
b1000 #
b1000 .
b1000 9
b110 (
b110 -
b110 >
b1001100110 *
#6150000
0$
0!
b10 #
b10 .
08
b10 9
b111 (
b111 -
b111 >
b1001100111 *
#6160000
1%
0!
b1 #
b1 .
17
b1 9
b0 (
b0 -
b1101 '
b1101 ,
b1101 =
b0 >
b1001101000 *
#6170000
1%
0!
b111 #
b111 .
17
b111 9
b1 (
b1 -
b1 >
b1001101001 *
#6180000
0%
0!
b100 #
b100 .
07
b100 9
b10 (
b10 -
b10 >
b1001101010 *
#6190000
1$
0!
b1101 #
b1101 .
18
b1101 9
b11 (
b11 -
b11 >
b1001101011 *
#6200000
0!
b1001 #
b1001 .
b1001 9
b100 (
b100 -
b100 >
b1001101100 *
#6210000
0!
b1011 #
b1011 .
b1011 9
b101 (
b101 -
b101 >
b1001101101 *
#6220000
0!
b1000 #
b1000 .
b1000 9
b110 (
b110 -
b110 >
b1001101110 *
#6230000
0$
0!
b10 #
b10 .
08
b10 9
b111 (
b111 -
b111 >
b1001101111 *
#6240000
1%
0!
b10 #
b10 .
17
b10 9
b0 (
b0 -
b1110 '
b1110 ,
b1110 =
b0 >
b1001110000 *
#6250000
1%
0!
b110 #
b110 .
17
b110 9
b1 (
b1 -
b1 >
b1001110001 *
#6260000
0%
0!
b100 #
b100 .
07
b100 9
b10 (
b10 -
b10 >
b1001110010 *
#6270000
1$
0!
b1110 #
b1110 .
18
b1110 9
b11 (
b11 -
b11 >
b1001110011 *
#6280000
0!
b1010 #
b1010 .
b1010 9
b100 (
b100 -
b100 >
b1001110100 *
#6290000
0!
b1011 #
b1011 .
b1011 9
b101 (
b101 -
b101 >
b1001110101 *
#6300000
0!
b1000 #
b1000 .
b1000 9
b110 (
b110 -
b110 >
b1001110110 *
#6310000
0$
0!
b10 #
b10 .
08
b10 9
b111 (
b111 -
b111 >
b1001110111 *
#6320000
1%
0!
b11 #
b11 .
17
b11 9
b0 (
b0 -
b1111 '
b1111 ,
b1111 =
b0 >
b1001111000 *
#6330000
1%
0!
b101 #
b101 .
17
b101 9
b1 (
b1 -
b1 >
b1001111001 *
#6340000
0%
0!
b100 #
b100 .
07
b100 9
b10 (
b10 -
b10 >
b1001111010 *
#6350000
1$
0!
b1111 #
b1111 .
18
b1111 9
b11 (
b11 -
b11 >
b1001111011 *
#6360000
0!
b1011 #
b1011 .
b1011 9
b100 (
b100 -
b100 >
b1001111100 *
#6370000
0!
b1011 #
b1011 .
b1011 9
b101 (
b101 -
b101 >
b1001111101 *
#6380000
0!
b1000 #
b1000 .
b1000 9
b110 (
b110 -
b110 >
b1001111110 *
#6390000
0$
0!
b10 #
b10 .
08
b10 9
b111 (
b111 -
b111 >
b1001111111 *
#6400000
0!
b101 #
b101 .
b101 9
b0 (
b0 -
b0 '
b0 ,
b101 &
b101 +
b101 <
b0 =
b0 >
b1010000000 *
#6410000
0!
b101 #
b101 .
b101 9
b1 (
b1 -
b1 >
b1010000001 *
#6420000
1!
b0 #
b0 .
1;
b0 9
b10 (
b10 -
b10 >
b1010000010 *
#6430000
0!
b101 #
b101 .
0;
b101 9
b11 (
b11 -
b11 >
b1010000011 *
#6440000
0!
b101 #
b101 .
b101 9
b100 (
b100 -
b100 >
b1010000100 *
#6450000
1$
0!
b1010 #
b1010 .
18
b1010 9
b101 (
b101 -
b101 >
b1010000101 *
#6460000
0!
b1010 #
b1010 .
b1010 9
b110 (
b110 -
b110 >
b1010000110 *
#6470000
0$
1%
0!
b10 #
b10 .
08
17
b10 9
b111 (
b111 -
b111 >
b1010000111 *
#6480000
0%
0!
b110 #
b110 .
07
b110 9
b0 (
b0 -
b1 '
b1 ,
b1 =
b0 >
b1010001000 *
#6490000
0!
b100 #
b100 .
b100 9
b1 (
b1 -
b1 >
b1010001001 *
#6500000
0!
b1 #
b1 .
b1 9
b10 (
b10 -
b10 >
b1010001010 *
#6510000
0!
b101 #
b101 .
b101 9
b11 (
b11 -
b11 >
b1010001011 *
#6520000
0!
b100 #
b100 .
b100 9
b100 (
b100 -
b100 >
b1010001100 *
#6530000
1$
0!
b1010 #
b1010 .
18
b1010 9
b101 (
b101 -
b101 >
b1010001101 *
#6540000
0!
b1010 #
b1010 .
b1010 9
b110 (
b110 -
b110 >
b1010001110 *
#6550000
0$
1%
0!
b10 #
b10 .
08
17
b10 9
b111 (
b111 -
b111 >
b1010001111 *
#6560000
0%
0!
b111 #
b111 .
07
b111 9
b0 (
b0 -
b10 '
b10 ,
b10 =
b0 >
b1010010000 *
#6570000
0!
b11 #
b11 .
b11 9
b1 (
b1 -
b1 >
b1010010001 *
#6580000
1!
b0 #
b0 .
1;
b0 9
b10 (
b10 -
b10 >
b1010010010 *
#6590000
0!
b111 #
b111 .
0;
b111 9
b11 (
b11 -
b11 >
b1010010011 *
#6600000
0!
b111 #
b111 .
b111 9
b100 (
b100 -
b100 >
b1010010100 *
#6610000
1$
0!
b1010 #
b1010 .
18
b1010 9
b101 (
b101 -
b101 >
b1010010101 *
#6620000
0!
b1010 #
b1010 .
b1010 9
b110 (
b110 -
b110 >
b1010010110 *
#6630000
0$
1%
0!
b10 #
b10 .
08
17
b10 9
b111 (
b111 -
b111 >
b1010010111 *
#6640000
1$
1"
0%
0!
b1000 #
b1000 .
18
1:
07
b1000 9
b0 (
b0 -
b11 '
b11 ,
b11 =
b0 >
b1010011000 *
#6650000
0$
0"
0!
b10 #
b10 .
08
0:
b10 9
b1 (
b1 -
b1 >
b1010011001 *
#6660000
0!
b1 #
b1 .
b1 9
b10 (
b10 -
b10 >
b1010011010 *
#6670000
0!
b111 #
b111 .
b111 9
b11 (
b11 -
b11 >
b1010011011 *
#6680000
0!
b110 #
b110 .
b110 9
b100 (
b100 -
b100 >
b1010011100 *
#6690000
1$
0!
b1010 #
b1010 .
18
b1010 9
b101 (
b101 -
b101 >
b1010011101 *
#6700000
0!
b1010 #
b1010 .
b1010 9
b110 (
b110 -
b110 >
b1010011110 *
#6710000
0$
1%
0!
b10 #
b10 .
08
17
b10 9
b111 (
b111 -
b111 >
b1010011111 *
#6720000
1$
1"
0%
0!
b1001 #
b1001 .
18
1:
07
b1001 9
b0 (
b0 -
b100 '
b100 ,
b100 =
b0 >
b1010100000 *
#6730000
0$
0"
0!
b1 #
b1 .
08
0:
b1 9
b1 (
b1 -
b1 >
b1010100001 *
#6740000
0!
b100 #
b100 .
b100 9
b10 (
b10 -
b10 >
b1010100010 *
#6750000
0!
b101 #
b101 .
b101 9
b11 (
b11 -
b11 >
b1010100011 *
#6760000
0!
b1 #
b1 .
b1 9
b100 (
b100 -
b100 >
b1010100100 *
#6770000
1$
0!
b1010 #
b1010 .
18
b1010 9
b101 (
b101 -
b101 >
b1010100101 *
#6780000
0!
b1010 #
b1010 .
b1010 9
b110 (
b110 -
b110 >
b1010100110 *
#6790000
0$
1%
0!
b10 #
b10 .
08
17
b10 9
b111 (
b111 -
b111 >
b1010100111 *
#6800000
1$
1"
0%
0!
b1010 #
b1010 .
18
1:
07
b1010 9
b0 (
b0 -
b101 '
b101 ,
b101 =
b0 >
b1010101000 *
#6810000
0$
0"
1!
b0 #
b0 .
08
1;
0:
b0 9
b1 (
b1 -
b1 >
b1010101001 *
#6820000
0!
b101 #
b101 .
0;
b101 9
b10 (
b10 -
b10 >
b1010101010 *
#6830000
0!
b101 #
b101 .
b101 9
b11 (
b11 -
b11 >
b1010101011 *
#6840000
1!
b0 #
b0 .
1;
b0 9
b100 (
b100 -
b100 >
b1010101100 *
#6850000
1$
0!
b1010 #
b1010 .
18
0;
b1010 9
b101 (
b101 -
b101 >
b1010101101 *
#6860000
0!
b1010 #
b1010 .
b1010 9
b110 (
b110 -
b110 >
b1010101110 *
#6870000
0$
1%
0!
b10 #
b10 .
08
17
b10 9
b111 (
b111 -
b111 >
b1010101111 *
#6880000
1$
1"
0%
0!
b1011 #
b1011 .
18
1:
07
b1011 9
b0 (
b0 -
b110 '
b110 ,
b110 =
b0 >
b1010110000 *
#6890000
1%
0"
0!
b1111 #
b1111 .
17
0:
b1111 9
b1 (
b1 -
b1 >
b1010110001 *
#6900000
0$
0%
0!
b100 #
b100 .
08
07
b100 9
b10 (
b10 -
b10 >
b1010110010 *
#6910000
0!
b111 #
b111 .
b111 9
b11 (
b11 -
b11 >
b1010110011 *
#6920000
0!
b11 #
b11 .
b11 9
b100 (
b100 -
b100 >
b1010110100 *
#6930000
1$
0!
b1010 #
b1010 .
18
b1010 9
b101 (
b101 -
b101 >
b1010110101 *
#6940000
0!
b1010 #
b1010 .
b1010 9
b110 (
b110 -
b110 >
b1010110110 *
#6950000
0$
1%
0!
b10 #
b10 .
08
17
b10 9
b111 (
b111 -
b111 >
b1010110111 *
#6960000
1$
1"
0%
0!
b1100 #
b1100 .
18
1:
07
b1100 9
b0 (
b0 -
b111 '
b111 ,
b111 =
b0 >
b1010111000 *
#6970000
1%
0"
0!
b1110 #
b1110 .
17
0:
b1110 9
b1 (
b1 -
b1 >
b1010111001 *
#6980000
0$
0%
0!
b101 #
b101 .
08
07
b101 9
b10 (
b10 -
b10 >
b1010111010 *
#6990000
0!
b111 #
b111 .
b111 9
b11 (
b11 -
b11 >
b1010111011 *
#7000000
0!
b10 #
b10 .
b10 9
b100 (
b100 -
b100 >
b1010111100 *
#7010000
1$
0!
b1010 #
b1010 .
18
b1010 9
b101 (
b101 -
b101 >
b1010111101 *
#7020000
0!
b1010 #
b1010 .
b1010 9
b110 (
b110 -
b110 >
b1010111110 *
#7030000
0$
1%
0!
b10 #
b10 .
08
17
b10 9
b111 (
b111 -
b111 >
b1010111111 *
#7040000
1$
0%
0!
b1101 #
b1101 .
18
07
b1101 9
b0 (
b0 -
b1000 '
b1000 ,
b1000 =
b0 >
b1011000000 *
#7050000
1"
1%
0!
b1101 #
b1101 .
1:
17
b1101 9
b1 (
b1 -
b1 >
b1011000001 *
#7060000
0$
0"
0%
1!
b0 #
b0 .
08
1;
0:
07
b0 9
b10 (
b10 -
b10 >
b1011000010 *
#7070000
1$
0!
b1101 #
b1101 .
18
0;
b1101 9
b11 (
b11 -
b11 >
b1011000011 *
#7080000
0!
b1101 #
b1101 .
b1101 9
b100 (
b100 -
b100 >
b1011000100 *
#7090000
0!
b1010 #
b1010 .
b1010 9
b101 (
b101 -
b101 >
b1011000101 *
#7100000
0!
b1010 #
b1010 .
b1010 9
b110 (
b110 -
b110 >
b1011000110 *
#7110000
0$
1%
0!
b10 #
b10 .
08
17
b10 9
b111 (
b111 -
b111 >
b1011000111 *
#7120000
1$
0%
0!
b1110 #
b1110 .
18
07
b1110 9
b0 (
b0 -
b1001 '
b1001 ,
b1001 =
b0 >
b1011001000 *
#7130000
1"
1%
0!
b1100 #
b1100 .
1:
17
b1100 9
b1 (
b1 -
b1 >
b1011001001 *
#7140000
0$
0"
0%
0!
b1 #
b1 .
08
0:
07
b1 9
b10 (
b10 -
b10 >
b1011001010 *
#7150000
1$
0!
b1101 #
b1101 .
18
b1101 9
b11 (
b11 -
b11 >
b1011001011 *
#7160000
0!
b1100 #
b1100 .
b1100 9
b100 (
b100 -
b100 >
b1011001100 *
#7170000
0!
b1010 #
b1010 .
b1010 9
b101 (
b101 -
b101 >
b1011001101 *
#7180000
0!
b1010 #
b1010 .
b1010 9
b110 (
b110 -
b110 >
b1011001110 *
#7190000
0$
1%
0!
b10 #
b10 .
08
17
b10 9
b111 (
b111 -
b111 >
b1011001111 *
#7200000
1$
0%
0!
b1111 #
b1111 .
18
07
b1111 9
b0 (
b0 -
b1010 '
b1010 ,
b1010 =
b0 >
b1011010000 *
#7210000
1"
1%
0!
b1011 #
b1011 .
1:
17
b1011 9
b1 (
b1 -
b1 >
b1011010001 *
#7220000
0$
0"
0%
1!
b0 #
b0 .
08
1;
0:
07
b0 9
b10 (
b10 -
b10 >
b1011010010 *
#7230000
1$
0!
b1111 #
b1111 .
18
0;
b1111 9
b11 (
b11 -
b11 >
b1011010011 *
#7240000
0!
b1111 #
b1111 .
b1111 9
b100 (
b100 -
b100 >
b1011010100 *
#7250000
0!
b1010 #
b1010 .
b1010 9
b101 (
b101 -
b101 >
b1011010101 *
#7260000
0!
b1010 #
b1010 .
b1010 9
b110 (
b110 -
b110 >
b1011010110 *
#7270000
0$
1%
0!
b10 #
b10 .
08
17
b10 9
b111 (
b111 -
b111 >
b1011010111 *
#7280000
1%
1!
b0 #
b0 .
1;
17
b0 9
b0 (
b0 -
b1011 '
b1011 ,
b1011 =
b0 >
b1011011000 *
#7290000
1$
1"
0!
b1010 #
b1010 .
1%
18
0;
1:
b1010 9
17
b1 (
b1 -
b1 >
b1011011001 *
#7300000
0$
0"
0%
0!
b1 #
b1 .
08
0:
07
b1 9
b10 (
b10 -
b10 >
b1011011010 *
#7310000
1$
0!
b1111 #
b1111 .
18
b1111 9
b11 (
b11 -
b11 >
b1011011011 *
#7320000
0!
b1110 #
b1110 .
b1110 9
b100 (
b100 -
b100 >
b1011011100 *
#7330000
0!
b1010 #
b1010 .
b1010 9
b101 (
b101 -
b101 >
b1011011101 *
#7340000
0!
b1010 #
b1010 .
b1010 9
b110 (
b110 -
b110 >
b1011011110 *
#7350000
0$
1%
0!
b10 #
b10 .
08
17
b10 9
b111 (
b111 -
b111 >
b1011011111 *
#7360000
1%
0!
b1 #
b1 .
17
b1 9
b0 (
b0 -
b1100 '
b1100 ,
b1100 =
b0 >
b1011100000 *
#7370000
1$
1"
1%
0!
b1001 #
b1001 .
18
1:
17
b1001 9
b1 (
b1 -
b1 >
b1011100001 *
#7380000
0$
0"
0%
0!
b100 #
b100 .
08
0:
07
b100 9
b10 (
b10 -
b10 >
b1011100010 *
#7390000
1$
0!
b1101 #
b1101 .
18
b1101 9
b11 (
b11 -
b11 >
b1011100011 *
#7400000
0!
b1001 #
b1001 .
b1001 9
b100 (
b100 -
b100 >
b1011100100 *
#7410000
0!
b1010 #
b1010 .
b1010 9
b101 (
b101 -
b101 >
b1011100101 *
#7420000
0!
b1010 #
b1010 .
b1010 9
b110 (
b110 -
b110 >
b1011100110 *
#7430000
0$
1%
0!
b10 #
b10 .
08
17
b10 9
b111 (
b111 -
b111 >
b1011100111 *
#7440000
1%
0!
b10 #
b10 .
17
b10 9
b0 (
b0 -
b1101 '
b1101 ,
b1101 =
b0 >
b1011101000 *
#7450000
1$
1"
1%
0!
b1000 #
b1000 .
18
1:
17
b1000 9
b1 (
b1 -
b1 >
b1011101001 *
#7460000
0$
0"
0%
0!
b101 #
b101 .
08
0:
07
b101 9
b10 (
b10 -
b10 >
b1011101010 *
#7470000
1$
0!
b1101 #
b1101 .
18
b1101 9
b11 (
b11 -
b11 >
b1011101011 *
#7480000
0!
b1000 #
b1000 .
b1000 9
b100 (
b100 -
b100 >
b1011101100 *
#7490000
0!
b1010 #
b1010 .
b1010 9
b101 (
b101 -
b101 >
b1011101101 *
#7500000
0!
b1010 #
b1010 .
b1010 9
b110 (
b110 -
b110 >
b1011101110 *
#7510000
0$
1%
0!
b10 #
b10 .
08
17
b10 9
b111 (
b111 -
b111 >
b1011101111 *
#7520000
1%
0!
b11 #
b11 .
17
b11 9
b0 (
b0 -
b1110 '
b1110 ,
b1110 =
b0 >
b1011110000 *
#7530000
1%
0!
b111 #
b111 .
17
b111 9
b1 (
b1 -
b1 >
b1011110001 *
#7540000
0%
0!
b100 #
b100 .
07
b100 9
b10 (
b10 -
b10 >
b1011110010 *
#7550000
1$
0!
b1111 #
b1111 .
18
b1111 9
b11 (
b11 -
b11 >
b1011110011 *
#7560000
0!
b1011 #
b1011 .
b1011 9
b100 (
b100 -
b100 >
b1011110100 *
#7570000
0!
b1010 #
b1010 .
b1010 9
b101 (
b101 -
b101 >
b1011110101 *
#7580000
0!
b1010 #
b1010 .
b1010 9
b110 (
b110 -
b110 >
b1011110110 *
#7590000
0$
1%
0!
b10 #
b10 .
08
17
b10 9
b111 (
b111 -
b111 >
b1011110111 *
#7600000
1%
0!
b100 #
b100 .
17
b100 9
b0 (
b0 -
b1111 '
b1111 ,
b1111 =
b0 >
b1011111000 *
#7610000
1%
0!
b110 #
b110 .
17
b110 9
b1 (
b1 -
b1 >
b1011111001 *
#7620000
0%
0!
b101 #
b101 .
07
b101 9
b10 (
b10 -
b10 >
b1011111010 *
#7630000
1$
0!
b1111 #
b1111 .
18
b1111 9
b11 (
b11 -
b11 >
b1011111011 *
#7640000
0!
b1010 #
b1010 .
b1010 9
b100 (
b100 -
b100 >
b1011111100 *
#7650000
0!
b1010 #
b1010 .
b1010 9
b101 (
b101 -
b101 >
b1011111101 *
#7660000
0!
b1010 #
b1010 .
b1010 9
b110 (
b110 -
b110 >
b1011111110 *
#7670000
0$
1%
0!
b10 #
b10 .
08
17
b10 9
b111 (
b111 -
b111 >
b1011111111 *
#7680000
0%
0!
b110 #
b110 .
07
b110 9
b0 (
b0 -
b0 '
b0 ,
b110 &
b110 +
b110 <
b0 =
b0 >
b1100000000 *
#7690000
0!
b110 #
b110 .
b110 9
b1 (
b1 -
b1 >
b1100000001 *
#7700000
1!
b0 #
b0 .
1;
b0 9
b10 (
b10 -
b10 >
b1100000010 *
#7710000
0!
b110 #
b110 .
0;
b110 9
b11 (
b11 -
b11 >
b1100000011 *
#7720000
0!
b110 #
b110 .
b110 9
b100 (
b100 -
b100 >
b1100000100 *
#7730000
1$
0!
b1001 #
b1001 .
18
b1001 9
b101 (
b101 -
b101 >
b1100000101 *
#7740000
0!
b1100 #
b1100 .
b1100 9
b110 (
b110 -
b110 >
b1100000110 *
#7750000
0$
0!
b11 #
b11 .
08
b11 9
b111 (
b111 -
b111 >
b1100000111 *
#7760000
0!
b111 #
b111 .
b111 9
b0 (
b0 -
b1 '
b1 ,
b1 =
b0 >
b1100001000 *
#7770000
0!
b101 #
b101 .
b101 9
b1 (
b1 -
b1 >
b1100001001 *
#7780000
1!
b0 #
b0 .
1;
b0 9
b10 (
b10 -
b10 >
b1100001010 *
#7790000
0!
b111 #
b111 .
0;
b111 9
b11 (
b11 -
b11 >
b1100001011 *
#7800000
0!
b111 #
b111 .
b111 9
b100 (
b100 -
b100 >
b1100001100 *
#7810000
1$
0!
b1001 #
b1001 .
18
b1001 9
b101 (
b101 -
b101 >
b1100001101 *
#7820000
0!
b1100 #
b1100 .
b1100 9
b110 (
b110 -
b110 >
b1100001110 *
#7830000
0$
0!
b11 #
b11 .
08
b11 9
b111 (
b111 -
b111 >
b1100001111 *
#7840000
1$
1"
0!
b1000 #
b1000 .
18
1:
b1000 9
b0 (
b0 -
b10 '
b10 ,
b10 =
b0 >
b1100010000 *
#7850000
0$
0"
0!
b100 #
b100 .
08
0:
b100 9
b1 (
b1 -
b1 >
b1100010001 *
#7860000
0!
b10 #
b10 .
b10 9
b10 (
b10 -
b10 >
b1100010010 *
#7870000
0!
b110 #
b110 .
b110 9
b11 (
b11 -
b11 >
b1100010011 *
#7880000
0!
b100 #
b100 .
b100 9
b100 (
b100 -
b100 >
b1100010100 *
#7890000
1$
0!
b1001 #
b1001 .
18
b1001 9
b101 (
b101 -
b101 >
b1100010101 *
#7900000
0!
b1100 #
b1100 .
b1100 9
b110 (
b110 -
b110 >
b1100010110 *
#7910000
0$
0!
b11 #
b11 .
08
b11 9
b111 (
b111 -
b111 >
b1100010111 *
#7920000
1$
1"
0!
b1001 #
b1001 .
18
1:
b1001 9
b0 (
b0 -
b11 '
b11 ,
b11 =
b0 >
b1100011000 *
#7930000
0$
0"
0!
b11 #
b11 .
08
0:
b11 9
b1 (
b1 -
b1 >
b1100011001 *
#7940000
0!
b10 #
b10 .
b10 9
b10 (
b10 -
b10 >
b1100011010 *
#7950000
0!
b111 #
b111 .
b111 9
b11 (
b11 -
b11 >
b1100011011 *
#7960000
0!
b101 #
b101 .
b101 9
b100 (
b100 -
b100 >
b1100011100 *
#7970000
1$
0!
b1001 #
b1001 .
18
b1001 9
b101 (
b101 -
b101 >
b1100011101 *
#7980000
0!
b1100 #
b1100 .
b1100 9
b110 (
b110 -
b110 >
b1100011110 *
#7990000
0$
0!
b11 #
b11 .
08
b11 9
b111 (
b111 -
b111 >
b1100011111 *
#8000000
1$
1"
0!
b1010 #
b1010 .
18
1:
b1010 9
b0 (
b0 -
b100 '
b100 ,
b100 =
b0 >
b1100100000 *
#8010000
0$
0"
0!
b10 #
b10 .
08
0:
b10 9
b1 (
b1 -
b1 >
b1100100001 *
#8020000
0!
b100 #
b100 .
b100 9
b10 (
b10 -
b10 >
b1100100010 *
#8030000
0!
b110 #
b110 .
b110 9
b11 (
b11 -
b11 >
b1100100011 *
#8040000
0!
b10 #
b10 .
b10 9
b100 (
b100 -
b100 >
b1100100100 *
#8050000
1$
0!
b1001 #
b1001 .
18
b1001 9
b101 (
b101 -
b101 >
b1100100101 *
#8060000
0!
b1100 #
b1100 .
b1100 9
b110 (
b110 -
b110 >
b1100100110 *
#8070000
0$
0!
b11 #
b11 .
08
b11 9
b111 (
b111 -
b111 >
b1100100111 *
#8080000
1$
1"
0!
b1011 #
b1011 .
18
1:
b1011 9
b0 (
b0 -
b101 '
b101 ,
b101 =
b0 >
b1100101000 *
#8090000
0$
0"
0!
b1 #
b1 .
08
0:
b1 9
b1 (
b1 -
b1 >
b1100101001 *
#8100000
0!
b100 #
b100 .
b100 9
b10 (
b10 -
b10 >
b1100101010 *
#8110000
0!
b111 #
b111 .
b111 9
b11 (
b11 -
b11 >
b1100101011 *
#8120000
0!
b11 #
b11 .
b11 9
b100 (
b100 -
b100 >
b1100101100 *
#8130000
1$
0!
b1001 #
b1001 .
18
b1001 9
b101 (
b101 -
b101 >
b1100101101 *
#8140000
0!
b1100 #
b1100 .
b1100 9
b110 (
b110 -
b110 >
b1100101110 *
#8150000
0$
0!
b11 #
b11 .
08
b11 9
b111 (
b111 -
b111 >
b1100101111 *
#8160000
1$
1"
0!
b1100 #
b1100 .
18
1:
b1100 9
b0 (
b0 -
b110 '
b110 ,
b110 =
b0 >
b1100110000 *
#8170000
0$
0"
1!
b0 #
b0 .
08
1;
0:
b0 9
b1 (
b1 -
b1 >
b1100110001 *
#8180000
0!
b110 #
b110 .
0;
b110 9
b10 (
b10 -
b10 >
b1100110010 *
#8190000
0!
b110 #
b110 .
b110 9
b11 (
b11 -
b11 >
b1100110011 *
#8200000
1!
b0 #
b0 .
1;
b0 9
b100 (
b100 -
b100 >
b1100110100 *
#8210000
1$
0!
b1001 #
b1001 .
18
0;
b1001 9
b101 (
b101 -
b101 >
b1100110101 *
#8220000
0!
b1100 #
b1100 .
b1100 9
b110 (
b110 -
b110 >
b1100110110 *
#8230000
0$
0!
b11 #
b11 .
08
b11 9
b111 (
b111 -
b111 >
b1100110111 *
#8240000
1$
1"
0!
b1101 #
b1101 .
18
1:
b1101 9
b0 (
b0 -
b111 '
b111 ,
b111 =
b0 >
b1100111000 *
#8250000
1%
0"
0!
b1111 #
b1111 .
17
0:
b1111 9
b1 (
b1 -
b1 >
b1100111001 *
#8260000
0$
0%
0!
b110 #
b110 .
08
07
b110 9
b10 (
b10 -
b10 >
b1100111010 *
#8270000
0!
b111 #
b111 .
b111 9
b11 (
b11 -
b11 >
b1100111011 *
#8280000
0!
b1 #
b1 .
b1 9
b100 (
b100 -
b100 >
b1100111100 *
#8290000
1$
0!
b1001 #
b1001 .
18
b1001 9
b101 (
b101 -
b101 >
b1100111101 *
#8300000
0!
b1100 #
b1100 .
b1100 9
b110 (
b110 -
b110 >
b1100111110 *
#8310000
0$
0!
b11 #
b11 .
08
b11 9
b111 (
b111 -
b111 >
b1100111111 *
#8320000
1$
0!
b1110 #
b1110 .
18
b1110 9
b0 (
b0 -
b1000 '
b1000 ,
b1000 =
b0 >
b1101000000 *
#8330000
1"
1%
0!
b1110 #
b1110 .
1:
17
b1110 9
b1 (
b1 -
b1 >
b1101000001 *
#8340000
0$
0"
0%
1!
b0 #
b0 .
08
1;
0:
07
b0 9
b10 (
b10 -
b10 >
b1101000010 *
#8350000
1$
0!
b1110 #
b1110 .
18
0;
b1110 9
b11 (
b11 -
b11 >
b1101000011 *
#8360000
0!
b1110 #
b1110 .
b1110 9
b100 (
b100 -
b100 >
b1101000100 *
#8370000
0!
b1001 #
b1001 .
b1001 9
b101 (
b101 -
b101 >
b1101000101 *
#8380000
0!
b1100 #
b1100 .
b1100 9
b110 (
b110 -
b110 >
b1101000110 *
#8390000
0$
0!
b11 #
b11 .
08
b11 9
b111 (
b111 -
b111 >
b1101000111 *
#8400000
1$
0!
b1111 #
b1111 .
18
b1111 9
b0 (
b0 -
b1001 '
b1001 ,
b1001 =
b0 >
b1101001000 *
#8410000
1"
1%
0!
b1101 #
b1101 .
1:
17
b1101 9
b1 (
b1 -
b1 >
b1101001001 *
#8420000
0$
0"
0%
1!
b0 #
b0 .
08
1;
0:
07
b0 9
b10 (
b10 -
b10 >
b1101001010 *
#8430000
1$
0!
b1111 #
b1111 .
18
0;
b1111 9
b11 (
b11 -
b11 >
b1101001011 *
#8440000
0!
b1111 #
b1111 .
b1111 9
b100 (
b100 -
b100 >
b1101001100 *
#8450000
0!
b1001 #
b1001 .
b1001 9
b101 (
b101 -
b101 >
b1101001101 *
#8460000
0!
b1100 #
b1100 .
b1100 9
b110 (
b110 -
b110 >
b1101001110 *
#8470000
0$
0!
b11 #
b11 .
08
b11 9
b111 (
b111 -
b111 >
b1101001111 *
#8480000
1%
1!
b0 #
b0 .
1;
17
b0 9
b0 (
b0 -
b1010 '
b1010 ,
b1010 =
b0 >
b1101010000 *
#8490000
1$
1"
0!
b1100 #
b1100 .
1%
18
0;
1:
b1100 9
17
b1 (
b1 -
b1 >
b1101010001 *
#8500000
0$
0"
0%
0!
b10 #
b10 .
08
0:
07
b10 9
b10 (
b10 -
b10 >
b1101010010 *
#8510000
1$
0!
b1110 #
b1110 .
18
b1110 9
b11 (
b11 -
b11 >
b1101010011 *
#8520000
0!
b1100 #
b1100 .
b1100 9
b100 (
b100 -
b100 >
b1101010100 *
#8530000
0!
b1001 #
b1001 .
b1001 9
b101 (
b101 -
b101 >
b1101010101 *
#8540000
0!
b1100 #
b1100 .
b1100 9
b110 (
b110 -
b110 >
b1101010110 *
#8550000
0$
0!
b11 #
b11 .
08
b11 9
b111 (
b111 -
b111 >
b1101010111 *
#8560000
1%
0!
b1 #
b1 .
17
b1 9
b0 (
b0 -
b1011 '
b1011 ,
b1011 =
b0 >
b1101011000 *
#8570000
1$
1"
1%
0!
b1011 #
b1011 .
18
1:
17
b1011 9
b1 (
b1 -
b1 >
b1101011001 *
#8580000
0$
0"
0%
0!
b10 #
b10 .
08
0:
07
b10 9
b10 (
b10 -
b10 >
b1101011010 *
#8590000
1$
0!
b1111 #
b1111 .
18
b1111 9
b11 (
b11 -
b11 >
b1101011011 *
#8600000
0!
b1101 #
b1101 .
b1101 9
b100 (
b100 -
b100 >
b1101011100 *
#8610000
0!
b1001 #
b1001 .
b1001 9
b101 (
b101 -
b101 >
b1101011101 *
#8620000
0!
b1100 #
b1100 .
b1100 9
b110 (
b110 -
b110 >
b1101011110 *
#8630000
0$
0!
b11 #
b11 .
08
b11 9
b111 (
b111 -
b111 >
b1101011111 *
#8640000
1%
0!
b10 #
b10 .
17
b10 9
b0 (
b0 -
b1100 '
b1100 ,
b1100 =
b0 >
b1101100000 *
#8650000
1$
1"
1%
0!
b1010 #
b1010 .
18
1:
17
b1010 9
b1 (
b1 -
b1 >
b1101100001 *
#8660000
0$
0"
0%
0!
b100 #
b100 .
08
0:
07
b100 9
b10 (
b10 -
b10 >
b1101100010 *
#8670000
1$
0!
b1110 #
b1110 .
18
b1110 9
b11 (
b11 -
b11 >
b1101100011 *
#8680000
0!
b1010 #
b1010 .
b1010 9
b100 (
b100 -
b100 >
b1101100100 *
#8690000
0!
b1001 #
b1001 .
b1001 9
b101 (
b101 -
b101 >
b1101100101 *
#8700000
0!
b1100 #
b1100 .
b1100 9
b110 (
b110 -
b110 >
b1101100110 *
#8710000
0$
0!
b11 #
b11 .
08
b11 9
b111 (
b111 -
b111 >
b1101100111 *
#8720000
1%
0!
b11 #
b11 .
17
b11 9
b0 (
b0 -
b1101 '
b1101 ,
b1101 =
b0 >
b1101101000 *
#8730000
1$
1"
1%
0!
b1001 #
b1001 .
18
1:
17
b1001 9
b1 (
b1 -
b1 >
b1101101001 *
#8740000
0$
0"
0%
0!
b100 #
b100 .
08
0:
07
b100 9
b10 (
b10 -
b10 >
b1101101010 *
#8750000
1$
0!
b1111 #
b1111 .
18
b1111 9
b11 (
b11 -
b11 >
b1101101011 *
#8760000
0!
b1011 #
b1011 .
b1011 9
b100 (
b100 -
b100 >
b1101101100 *
#8770000
0!
b1001 #
b1001 .
b1001 9
b101 (
b101 -
b101 >
b1101101101 *
#8780000
0!
b1100 #
b1100 .
b1100 9
b110 (
b110 -
b110 >
b1101101110 *
#8790000
0$
0!
b11 #
b11 .
08
b11 9
b111 (
b111 -
b111 >
b1101101111 *
#8800000
1%
0!
b100 #
b100 .
17
b100 9
b0 (
b0 -
b1110 '
b1110 ,
b1110 =
b0 >
b1101110000 *
#8810000
1$
1"
1%
0!
b1000 #
b1000 .
18
1:
17
b1000 9
b1 (
b1 -
b1 >
b1101110001 *
#8820000
0$
0"
0%
0!
b110 #
b110 .
08
0:
07
b110 9
b10 (
b10 -
b10 >
b1101110010 *
#8830000
1$
0!
b1110 #
b1110 .
18
b1110 9
b11 (
b11 -
b11 >
b1101110011 *
#8840000
0!
b1000 #
b1000 .
b1000 9
b100 (
b100 -
b100 >
b1101110100 *
#8850000
0!
b1001 #
b1001 .
b1001 9
b101 (
b101 -
b101 >
b1101110101 *
#8860000
0!
b1100 #
b1100 .
b1100 9
b110 (
b110 -
b110 >
b1101110110 *
#8870000
0$
0!
b11 #
b11 .
08
b11 9
b111 (
b111 -
b111 >
b1101110111 *
#8880000
1%
0!
b101 #
b101 .
17
b101 9
b0 (
b0 -
b1111 '
b1111 ,
b1111 =
b0 >
b1101111000 *
#8890000
1%
0!
b111 #
b111 .
17
b111 9
b1 (
b1 -
b1 >
b1101111001 *
#8900000
0%
0!
b110 #
b110 .
07
b110 9
b10 (
b10 -
b10 >
b1101111010 *
#8910000
1$
0!
b1111 #
b1111 .
18
b1111 9
b11 (
b11 -
b11 >
b1101111011 *
#8920000
0!
b1001 #
b1001 .
b1001 9
b100 (
b100 -
b100 >
b1101111100 *
#8930000
0!
b1001 #
b1001 .
b1001 9
b101 (
b101 -
b101 >
b1101111101 *
#8940000
0!
b1100 #
b1100 .
b1100 9
b110 (
b110 -
b110 >
b1101111110 *
#8950000
0$
0!
b11 #
b11 .
08
b11 9
b111 (
b111 -
b111 >
b1101111111 *
#8960000
0!
b111 #
b111 .
b111 9
b0 (
b0 -
b0 '
b0 ,
b111 &
b111 +
b111 <
b0 =
b0 >
b1110000000 *
#8970000
0!
b111 #
b111 .
b111 9
b1 (
b1 -
b1 >
b1110000001 *
#8980000
1!
b0 #
b0 .
1;
b0 9
b10 (
b10 -
b10 >
b1110000010 *
#8990000
0!
b111 #
b111 .
0;
b111 9
b11 (
b11 -
b11 >
b1110000011 *
#9000000
0!
b111 #
b111 .
b111 9
b100 (
b100 -
b100 >
b1110000100 *
#9010000
1$
0!
b1000 #
b1000 .
18
b1000 9
b101 (
b101 -
b101 >
b1110000101 *
#9020000
0!
b1110 #
b1110 .
b1110 9
b110 (
b110 -
b110 >
b1110000110 *
#9030000
0$
1%
0!
b11 #
b11 .
08
17
b11 9
b111 (
b111 -
b111 >
b1110000111 *
#9040000
1$
1"
0%
0!
b1000 #
b1000 .
18
1:
07
b1000 9
b0 (
b0 -
b1 '
b1 ,
b1 =
b0 >
b1110001000 *
#9050000
0$
0"
0!
b110 #
b110 .
08
0:
b110 9
b1 (
b1 -
b1 >
b1110001001 *
#9060000
0!
b1 #
b1 .
b1 9
b10 (
b10 -
b10 >
b1110001010 *
#9070000
0!
b111 #
b111 .
b111 9
b11 (
b11 -
b11 >
b1110001011 *
#9080000
0!
b110 #
b110 .
b110 9
b100 (
b100 -
b100 >
b1110001100 *
#9090000
1$
0!
b1000 #
b1000 .
18
b1000 9
b101 (
b101 -
b101 >
b1110001101 *
#9100000
0!
b1110 #
b1110 .
b1110 9
b110 (
b110 -
b110 >
b1110001110 *
#9110000
0$
1%
0!
b11 #
b11 .
08
17
b11 9
b111 (
b111 -
b111 >
b1110001111 *
#9120000
1$
1"
0%
0!
b1001 #
b1001 .
18
1:
07
b1001 9
b0 (
b0 -
b10 '
b10 ,
b10 =
b0 >
b1110010000 *
#9130000
0$
0"
0!
b101 #
b101 .
08
0:
b101 9
b1 (
b1 -
b1 >
b1110010001 *
#9140000
0!
b10 #
b10 .
b10 9
b10 (
b10 -
b10 >
b1110010010 *
#9150000
0!
b111 #
b111 .
b111 9
b11 (
b11 -
b11 >
b1110010011 *
#9160000
0!
b101 #
b101 .
b101 9
b100 (
b100 -
b100 >
b1110010100 *
#9170000
1$
0!
b1000 #
b1000 .
18
b1000 9
b101 (
b101 -
b101 >
b1110010101 *
#9180000
0!
b1110 #
b1110 .
b1110 9
b110 (
b110 -
b110 >
b1110010110 *
#9190000
0$
1%
0!
b11 #
b11 .
08
17
b11 9
b111 (
b111 -
b111 >
b1110010111 *
#9200000
1$
1"
0%
0!
b1010 #
b1010 .
18
1:
07
b1010 9
b0 (
b0 -
b11 '
b11 ,
b11 =
b0 >
b1110011000 *
#9210000
0$
0"
0!
b100 #
b100 .
08
0:
b100 9
b1 (
b1 -
b1 >
b1110011001 *
#9220000
0!
b11 #
b11 .
b11 9
b10 (
b10 -
b10 >
b1110011010 *
#9230000
0!
b111 #
b111 .
b111 9
b11 (
b11 -
b11 >
b1110011011 *
#9240000
0!
b100 #
b100 .
b100 9
b100 (
b100 -
b100 >
b1110011100 *
#9250000
1$
0!
b1000 #
b1000 .
18
b1000 9
b101 (
b101 -
b101 >
b1110011101 *
#9260000
0!
b1110 #
b1110 .
b1110 9
b110 (
b110 -
b110 >
b1110011110 *
#9270000
0$
1%
0!
b11 #
b11 .
08
17
b11 9
b111 (
b111 -
b111 >
b1110011111 *
#9280000
1$
1"
0%
0!
b1011 #
b1011 .
18
1:
07
b1011 9
b0 (
b0 -
b100 '
b100 ,
b100 =
b0 >
b1110100000 *
#9290000
0$
0"
0!
b11 #
b11 .
08
0:
b11 9
b1 (
b1 -
b1 >
b1110100001 *
#9300000
0!
b100 #
b100 .
b100 9
b10 (
b10 -
b10 >
b1110100010 *
#9310000
0!
b111 #
b111 .
b111 9
b11 (
b11 -
b11 >
b1110100011 *
#9320000
0!
b11 #
b11 .
b11 9
b100 (
b100 -
b100 >
b1110100100 *
#9330000
1$
0!
b1000 #
b1000 .
18
b1000 9
b101 (
b101 -
b101 >
b1110100101 *
#9340000
0!
b1110 #
b1110 .
b1110 9
b110 (
b110 -
b110 >
b1110100110 *
#9350000
0$
1%
0!
b11 #
b11 .
08
17
b11 9
b111 (
b111 -
b111 >
b1110100111 *
#9360000
1$
1"
0%
0!
b1100 #
b1100 .
18
1:
07
b1100 9
b0 (
b0 -
b101 '
b101 ,
b101 =
b0 >
b1110101000 *
#9370000
0$
0"
0!
b10 #
b10 .
08
0:
b10 9
b1 (
b1 -
b1 >
b1110101001 *
#9380000
0!
b101 #
b101 .
b101 9
b10 (
b10 -
b10 >
b1110101010 *
#9390000
0!
b111 #
b111 .
b111 9
b11 (
b11 -
b11 >
b1110101011 *
#9400000
0!
b10 #
b10 .
b10 9
b100 (
b100 -
b100 >
b1110101100 *
#9410000
1$
0!
b1000 #
b1000 .
18
b1000 9
b101 (
b101 -
b101 >
b1110101101 *
#9420000
0!
b1110 #
b1110 .
b1110 9
b110 (
b110 -
b110 >
b1110101110 *
#9430000
0$
1%
0!
b11 #
b11 .
08
17
b11 9
b111 (
b111 -
b111 >
b1110101111 *
#9440000
1$
1"
0%
0!
b1101 #
b1101 .
18
1:
07
b1101 9
b0 (
b0 -
b110 '
b110 ,
b110 =
b0 >
b1110110000 *
#9450000
0$
0"
0!
b1 #
b1 .
08
0:
b1 9
b1 (
b1 -
b1 >
b1110110001 *
#9460000
0!
b110 #
b110 .
b110 9
b10 (
b10 -
b10 >
b1110110010 *
#9470000
0!
b111 #
b111 .
b111 9
b11 (
b11 -
b11 >
b1110110011 *
#9480000
0!
b1 #
b1 .
b1 9
b100 (
b100 -
b100 >
b1110110100 *
#9490000
1$
0!
b1000 #
b1000 .
18
b1000 9
b101 (
b101 -
b101 >
b1110110101 *
#9500000
0!
b1110 #
b1110 .
b1110 9
b110 (
b110 -
b110 >
b1110110110 *
#9510000
0$
1%
0!
b11 #
b11 .
08
17
b11 9
b111 (
b111 -
b111 >
b1110110111 *
#9520000
1$
1"
0%
0!
b1110 #
b1110 .
18
1:
07
b1110 9
b0 (
b0 -
b111 '
b111 ,
b111 =
b0 >
b1110111000 *
#9530000
0$
0"
1!
b0 #
b0 .
08
1;
0:
b0 9
b1 (
b1 -
b1 >
b1110111001 *
#9540000
0!
b111 #
b111 .
0;
b111 9
b10 (
b10 -
b10 >
b1110111010 *
#9550000
0!
b111 #
b111 .
b111 9
b11 (
b11 -
b11 >
b1110111011 *
#9560000
1!
b0 #
b0 .
1;
b0 9
b100 (
b100 -
b100 >
b1110111100 *
#9570000
1$
0!
b1000 #
b1000 .
18
0;
b1000 9
b101 (
b101 -
b101 >
b1110111101 *
#9580000
0!
b1110 #
b1110 .
b1110 9
b110 (
b110 -
b110 >
b1110111110 *
#9590000
0$
1%
0!
b11 #
b11 .
08
17
b11 9
b111 (
b111 -
b111 >
b1110111111 *
#9600000
1$
0%
0!
b1111 #
b1111 .
18
07
b1111 9
b0 (
b0 -
b1000 '
b1000 ,
b1000 =
b0 >
b1111000000 *
#9610000
1"
1%
0!
b1111 #
b1111 .
1:
17
b1111 9
b1 (
b1 -
b1 >
b1111000001 *
#9620000
0$
0"
0%
1!
b0 #
b0 .
08
1;
0:
07
b0 9
b10 (
b10 -
b10 >
b1111000010 *
#9630000
1$
0!
b1111 #
b1111 .
18
0;
b1111 9
b11 (
b11 -
b11 >
b1111000011 *
#9640000
0!
b1111 #
b1111 .
b1111 9
b100 (
b100 -
b100 >
b1111000100 *
#9650000
0!
b1000 #
b1000 .
b1000 9
b101 (
b101 -
b101 >
b1111000101 *
#9660000
0!
b1110 #
b1110 .
b1110 9
b110 (
b110 -
b110 >
b1111000110 *
#9670000
0$
1%
0!
b11 #
b11 .
08
17
b11 9
b111 (
b111 -
b111 >
b1111000111 *
#9680000
1%
1!
b0 #
b0 .
1;
17
b0 9
b0 (
b0 -
b1001 '
b1001 ,
b1001 =
b0 >
b1111001000 *
#9690000
1$
1"
0!
b1110 #
b1110 .
1%
18
0;
1:
b1110 9
17
b1 (
b1 -
b1 >
b1111001001 *
#9700000
0$
0"
0%
0!
b1 #
b1 .
08
0:
07
b1 9
b10 (
b10 -
b10 >
b1111001010 *
#9710000
1$
0!
b1111 #
b1111 .
18
b1111 9
b11 (
b11 -
b11 >
b1111001011 *
#9720000
0!
b1110 #
b1110 .
b1110 9
b100 (
b100 -
b100 >
b1111001100 *
#9730000
0!
b1000 #
b1000 .
b1000 9
b101 (
b101 -
b101 >
b1111001101 *
#9740000
0!
b1110 #
b1110 .
b1110 9
b110 (
b110 -
b110 >
b1111001110 *
#9750000
0$
1%
0!
b11 #
b11 .
08
17
b11 9
b111 (
b111 -
b111 >
b1111001111 *
#9760000
1%
0!
b1 #
b1 .
17
b1 9
b0 (
b0 -
b1010 '
b1010 ,
b1010 =
b0 >
b1111010000 *
#9770000
1$
1"
1%
0!
b1101 #
b1101 .
18
1:
17
b1101 9
b1 (
b1 -
b1 >
b1111010001 *
#9780000
0$
0"
0%
0!
b10 #
b10 .
08
0:
07
b10 9
b10 (
b10 -
b10 >
b1111010010 *
#9790000
1$
0!
b1111 #
b1111 .
18
b1111 9
b11 (
b11 -
b11 >
b1111010011 *
#9800000
0!
b1101 #
b1101 .
b1101 9
b100 (
b100 -
b100 >
b1111010100 *
#9810000
0!
b1000 #
b1000 .
b1000 9
b101 (
b101 -
b101 >
b1111010101 *
#9820000
0!
b1110 #
b1110 .
b1110 9
b110 (
b110 -
b110 >
b1111010110 *
#9830000
0$
1%
0!
b11 #
b11 .
08
17
b11 9
b111 (
b111 -
b111 >
b1111010111 *
#9840000
1%
0!
b10 #
b10 .
17
b10 9
b0 (
b0 -
b1011 '
b1011 ,
b1011 =
b0 >
b1111011000 *
#9850000
1$
1"
1%
0!
b1100 #
b1100 .
18
1:
17
b1100 9
b1 (
b1 -
b1 >
b1111011001 *
#9860000
0$
0"
0%
0!
b11 #
b11 .
08
0:
07
b11 9
b10 (
b10 -
b10 >
b1111011010 *
#9870000
1$
0!
b1111 #
b1111 .
18
b1111 9
b11 (
b11 -
b11 >
b1111011011 *
#9880000
0!
b1100 #
b1100 .
b1100 9
b100 (
b100 -
b100 >
b1111011100 *
#9890000
0!
b1000 #
b1000 .
b1000 9
b101 (
b101 -
b101 >
b1111011101 *
#9900000
0!
b1110 #
b1110 .
b1110 9
b110 (
b110 -
b110 >
b1111011110 *
#9910000
0$
1%
0!
b11 #
b11 .
08
17
b11 9
b111 (
b111 -
b111 >
b1111011111 *
#9920000
1%
0!
b11 #
b11 .
17
b11 9
b0 (
b0 -
b1100 '
b1100 ,
b1100 =
b0 >
b1111100000 *
#9930000
1$
1"
1%
0!
b1011 #
b1011 .
18
1:
17
b1011 9
b1 (
b1 -
b1 >
b1111100001 *
#9940000
0$
0"
0%
0!
b100 #
b100 .
08
0:
07
b100 9
b10 (
b10 -
b10 >
b1111100010 *
#9950000
1$
0!
b1111 #
b1111 .
18
b1111 9
b11 (
b11 -
b11 >
b1111100011 *
#9960000
0!
b1011 #
b1011 .
b1011 9
b100 (
b100 -
b100 >
b1111100100 *
#9970000
0!
b1000 #
b1000 .
b1000 9
b101 (
b101 -
b101 >
b1111100101 *
#9980000
0!
b1110 #
b1110 .
b1110 9
b110 (
b110 -
b110 >
b1111100110 *
#9990000
0$
1%
0!
b11 #
b11 .
08
17
b11 9
b111 (
b111 -
b111 >
b1111100111 *
#10000000
1%
0!
b100 #
b100 .
17
b100 9
b0 (
b0 -
b1101 '
b1101 ,
b1101 =
b0 >
b1111101000 *
#10010000
1$
1"
1%
0!
b1010 #
b1010 .
18
1:
17
b1010 9
b1 (
b1 -
b1 >
b1111101001 *
#10020000
0$
0"
0%
0!
b101 #
b101 .
08
0:
07
b101 9
b10 (
b10 -
b10 >
b1111101010 *
#10030000
1$
0!
b1111 #
b1111 .
18
b1111 9
b11 (
b11 -
b11 >
b1111101011 *
#10040000
0!
b1010 #
b1010 .
b1010 9
b100 (
b100 -
b100 >
b1111101100 *
#10050000
0!
b1000 #
b1000 .
b1000 9
b101 (
b101 -
b101 >
b1111101101 *
#10060000
0!
b1110 #
b1110 .
b1110 9
b110 (
b110 -
b110 >
b1111101110 *
#10070000
0$
1%
0!
b11 #
b11 .
08
17
b11 9
b111 (
b111 -
b111 >
b1111101111 *
#10080000
1%
0!
b101 #
b101 .
17
b101 9
b0 (
b0 -
b1110 '
b1110 ,
b1110 =
b0 >
b1111110000 *
#10090000
1$
1"
1%
0!
b1001 #
b1001 .
18
1:
17
b1001 9
b1 (
b1 -
b1 >
b1111110001 *
#10100000
0$
0"
0%
0!
b110 #
b110 .
08
0:
07
b110 9
b10 (
b10 -
b10 >
b1111110010 *
#10110000
1$
0!
b1111 #
b1111 .
18
b1111 9
b11 (
b11 -
b11 >
b1111110011 *
#10120000
0!
b1001 #
b1001 .
b1001 9
b100 (
b100 -
b100 >
b1111110100 *
#10130000
0!
b1000 #
b1000 .
b1000 9
b101 (
b101 -
b101 >
b1111110101 *
#10140000
0!
b1110 #
b1110 .
b1110 9
b110 (
b110 -
b110 >
b1111110110 *
#10150000
0$
1%
0!
b11 #
b11 .
08
17
b11 9
b111 (
b111 -
b111 >
b1111110111 *
#10160000
1%
0!
b110 #
b110 .
17
b110 9
b0 (
b0 -
b1111 '
b1111 ,
b1111 =
b0 >
b1111111000 *
#10170000
1$
1"
1%
0!
b1000 #
b1000 .
18
1:
17
b1000 9
b1 (
b1 -
b1 >
b1111111001 *
#10180000
0$
0"
0%
0!
b111 #
b111 .
08
0:
07
b111 9
b10 (
b10 -
b10 >
b1111111010 *
#10190000
1$
0!
b1111 #
b1111 .
18
b1111 9
b11 (
b11 -
b11 >
b1111111011 *
#10200000
0!
b1000 #
b1000 .
b1000 9
b100 (
b100 -
b100 >
b1111111100 *
#10210000
0!
b1000 #
b1000 .
b1000 9
b101 (
b101 -
b101 >
b1111111101 *
#10220000
0!
b1110 #
b1110 .
b1110 9
b110 (
b110 -
b110 >
b1111111110 *
#10230000
0$
1%
0!
b11 #
b11 .
08
17
b11 9
b111 (
b111 -
b111 >
b1111111111 *
#10240000
1$
0%
0!
b1000 #
b1000 .
18
07
b1000 9
b0 (
b0 -
b0 '
b0 ,
b1000 &
b1000 +
b1000 <
b0 =
b0 >
b10000000000 *
#10250000
0!
b1000 #
b1000 .
b1000 9
b1 (
b1 -
b1 >
b10000000001 *
#10260000
0$
1!
b0 #
b0 .
08
1;
b0 9
b10 (
b10 -
b10 >
b10000000010 *
#10270000
1$
0!
b1000 #
b1000 .
18
0;
b1000 9
b11 (
b11 -
b11 >
b10000000011 *
#10280000
0!
b1000 #
b1000 .
b1000 9
b100 (
b100 -
b100 >
b10000000100 *
#10290000
0$
0!
b111 #
b111 .
08
b111 9
b101 (
b101 -
b101 >
b10000000101 *
#10300000
1%
1!
b0 #
b0 .
1;
17
b0 9
b110 (
b110 -
b110 >
b10000000110 *
#10310000
1$
0!
b1100 #
b1100 .
0%
18
0;
b1100 9
07
b111 (
b111 -
b111 >
b10000000111 *
#10320000
0!
b1001 #
b1001 .
b1001 9
b0 (
b0 -
b1 '
b1 ,
b1 =
b0 >
b10000001000 *
#10330000
0$
1"
0!
b111 #
b111 .
08
1:
b111 9
b1 (
b1 -
b1 >
b10000001001 *
#10340000
0"
1!
b0 #
b0 .
1;
0:
b0 9
b10 (
b10 -
b10 >
b10000001010 *
#10350000
1$
0!
b1001 #
b1001 .
18
0;
b1001 9
b11 (
b11 -
b11 >
b10000001011 *
#10360000
0!
b1001 #
b1001 .
b1001 9
b100 (
b100 -
b100 >
b10000001100 *
#10370000
0$
0!
b111 #
b111 .
08
b111 9
b101 (
b101 -
b101 >
b10000001101 *
#10380000
1%
1!
b0 #
b0 .
1;
17
b0 9
b110 (
b110 -
b110 >
b10000001110 *
#10390000
1$
0!
b1100 #
b1100 .
0%
18
0;
b1100 9
07
b111 (
b111 -
b111 >
b10000001111 *
#10400000
0!
b1010 #
b1010 .
b1010 9
b0 (
b0 -
b10 '
b10 ,
b10 =
b0 >
b10000010000 *
#10410000
0$
1"
0!
b110 #
b110 .
08
1:
b110 9
b1 (
b1 -
b1 >
b10000010001 *
#10420000
0"
1!
b0 #
b0 .
1;
0:
b0 9
b10 (
b10 -
b10 >
b10000010010 *
#10430000
1$
0!
b1010 #
b1010 .
18
0;
b1010 9
b11 (
b11 -
b11 >
b10000010011 *
#10440000
0!
b1010 #
b1010 .
b1010 9
b100 (
b100 -
b100 >
b10000010100 *
#10450000
0$
0!
b111 #
b111 .
08
b111 9
b101 (
b101 -
b101 >
b10000010101 *
#10460000
1%
1!
b0 #
b0 .
1;
17
b0 9
b110 (
b110 -
b110 >
b10000010110 *
#10470000
1$
0!
b1100 #
b1100 .
0%
18
0;
b1100 9
07
b111 (
b111 -
b111 >
b10000010111 *
#10480000
0!
b1011 #
b1011 .
b1011 9
b0 (
b0 -
b11 '
b11 ,
b11 =
b0 >
b10000011000 *
#10490000
0$
1"
0!
b101 #
b101 .
08
1:
b101 9
b1 (
b1 -
b1 >
b10000011001 *
#10500000
0"
1!
b0 #
b0 .
1;
0:
b0 9
b10 (
b10 -
b10 >
b10000011010 *
#10510000
1$
0!
b1011 #
b1011 .
18
0;
b1011 9
b11 (
b11 -
b11 >
b10000011011 *
#10520000
0!
b1011 #
b1011 .
b1011 9
b100 (
b100 -
b100 >
b10000011100 *
#10530000
0$
0!
b111 #
b111 .
08
b111 9
b101 (
b101 -
b101 >
b10000011101 *
#10540000
1%
1!
b0 #
b0 .
1;
17
b0 9
b110 (
b110 -
b110 >
b10000011110 *
#10550000
1$
0!
b1100 #
b1100 .
0%
18
0;
b1100 9
07
b111 (
b111 -
b111 >
b10000011111 *
#10560000
0!
b1100 #
b1100 .
b1100 9
b0 (
b0 -
b100 '
b100 ,
b100 =
b0 >
b10000100000 *
#10570000
0$
1"
0!
b100 #
b100 .
08
1:
b100 9
b1 (
b1 -
b1 >
b10000100001 *
#10580000
0"
1!
b0 #
b0 .
1;
0:
b0 9
b10 (
b10 -
b10 >
b10000100010 *
#10590000
1$
0!
b1100 #
b1100 .
18
0;
b1100 9
b11 (
b11 -
b11 >
b10000100011 *
#10600000
0!
b1100 #
b1100 .
b1100 9
b100 (
b100 -
b100 >
b10000100100 *
#10610000
0$
0!
b111 #
b111 .
08
b111 9
b101 (
b101 -
b101 >
b10000100101 *
#10620000
1%
1!
b0 #
b0 .
1;
17
b0 9
b110 (
b110 -
b110 >
b10000100110 *
#10630000
1$
0!
b1100 #
b1100 .
0%
18
0;
b1100 9
07
b111 (
b111 -
b111 >
b10000100111 *
#10640000
0!
b1101 #
b1101 .
b1101 9
b0 (
b0 -
b101 '
b101 ,
b101 =
b0 >
b10000101000 *
#10650000
0$
1"
0!
b11 #
b11 .
08
1:
b11 9
b1 (
b1 -
b1 >
b10000101001 *
#10660000
0"
1!
b0 #
b0 .
1;
0:
b0 9
b10 (
b10 -
b10 >
b10000101010 *
#10670000
1$
0!
b1101 #
b1101 .
18
0;
b1101 9
b11 (
b11 -
b11 >
b10000101011 *
#10680000
0!
b1101 #
b1101 .
b1101 9
b100 (
b100 -
b100 >
b10000101100 *
#10690000
0$
0!
b111 #
b111 .
08
b111 9
b101 (
b101 -
b101 >
b10000101101 *
#10700000
1%
1!
b0 #
b0 .
1;
17
b0 9
b110 (
b110 -
b110 >
b10000101110 *
#10710000
1$
0!
b1100 #
b1100 .
0%
18
0;
b1100 9
07
b111 (
b111 -
b111 >
b10000101111 *
#10720000
0!
b1110 #
b1110 .
b1110 9
b0 (
b0 -
b110 '
b110 ,
b110 =
b0 >
b10000110000 *
#10730000
0$
1"
0!
b10 #
b10 .
08
1:
b10 9
b1 (
b1 -
b1 >
b10000110001 *
#10740000
0"
1!
b0 #
b0 .
1;
0:
b0 9
b10 (
b10 -
b10 >
b10000110010 *
#10750000
1$
0!
b1110 #
b1110 .
18
0;
b1110 9
b11 (
b11 -
b11 >
b10000110011 *
#10760000
0!
b1110 #
b1110 .
b1110 9
b100 (
b100 -
b100 >
b10000110100 *
#10770000
0$
0!
b111 #
b111 .
08
b111 9
b101 (
b101 -
b101 >
b10000110101 *
#10780000
1%
1!
b0 #
b0 .
1;
17
b0 9
b110 (
b110 -
b110 >
b10000110110 *
#10790000
1$
0!
b1100 #
b1100 .
0%
18
0;
b1100 9
07
b111 (
b111 -
b111 >
b10000110111 *
#10800000
0!
b1111 #
b1111 .
b1111 9
b0 (
b0 -
b111 '
b111 ,
b111 =
b0 >
b10000111000 *
#10810000
0$
1"
0!
b1 #
b1 .
08
1:
b1 9
b1 (
b1 -
b1 >
b10000111001 *
#10820000
0"
1!
b0 #
b0 .
1;
0:
b0 9
b10 (
b10 -
b10 >
b10000111010 *
#10830000
1$
0!
b1111 #
b1111 .
18
0;
b1111 9
b11 (
b11 -
b11 >
b10000111011 *
#10840000
0!
b1111 #
b1111 .
b1111 9
b100 (
b100 -
b100 >
b10000111100 *
#10850000
0$
0!
b111 #
b111 .
08
b111 9
b101 (
b101 -
b101 >
b10000111101 *
#10860000
1%
1!
b0 #
b0 .
1;
17
b0 9
b110 (
b110 -
b110 >
b10000111110 *
#10870000
1$
0!
b1100 #
b1100 .
0%
18
0;
b1100 9
07
b111 (
b111 -
b111 >
b10000111111 *
#10880000
0$
1"
1%
1!
b0 #
b0 .
08
1;
1:
17
b0 9
b0 (
b0 -
b1000 '
b1000 ,
b1000 =
b0 >
b10001000000 *
#10890000
0"
0%
0:
07
b1 (
b1 -
b1 >
b10001000001 *
#10900000
1$
0!
b1000 #
b1000 .
18
0;
b1000 9
b10 (
b10 -
b10 >
b10001000010 *
#10910000
0!
b1000 #
b1000 .
b1000 9
b11 (
b11 -
b11 >
b10001000011 *
#10920000
0$
1!
b0 #
b0 .
08
1;
b0 9
b100 (
b100 -
b100 >
b10001000100 *
#10930000
0!
b111 #
b111 .
0;
b111 9
b101 (
b101 -
b101 >
b10001000101 *
#10940000
1%
1!
b0 #
b0 .
1;
17
b0 9
b110 (
b110 -
b110 >
b10001000110 *
#10950000
1$
0!
b1100 #
b1100 .
0%
18
0;
b1100 9
07
b111 (
b111 -
b111 >
b10001000111 *
#10960000
0$
1"
1%
0!
b1 #
b1 .
08
1:
17
b1 9
b0 (
b0 -
b1001 '
b1001 ,
b1001 =
b0 >
b10001001000 *
#10970000
1$
0"
1%
0!
b1111 #
b1111 .
18
0:
17
b1111 9
b1 (
b1 -
b1 >
b10001001001 *
#10980000
0%
0!
b1000 #
b1000 .
07
b1000 9
b10 (
b10 -
b10 >
b10001001010 *
#10990000
0!
b1001 #
b1001 .
b1001 9
b11 (
b11 -
b11 >
b10001001011 *
#11000000
0$
0!
b1 #
b1 .
08
b1 9
b100 (
b100 -
b100 >
b10001001100 *
#11010000
0!
b111 #
b111 .
b111 9
b101 (
b101 -
b101 >
b10001001101 *
#11020000
1%
1!
b0 #
b0 .
1;
17
b0 9
b110 (
b110 -
b110 >
b10001001110 *
#11030000
1$
0!
b1100 #
b1100 .
0%
18
0;
b1100 9
07
b111 (
b111 -
b111 >
b10001001111 *
#11040000
0$
1"
1%
0!
b10 #
b10 .
08
1:
17
b10 9
b0 (
b0 -
b1010 '
b1010 ,
b1010 =
b0 >
b10001010000 *
#11050000
1$
0"
1%
0!
b1110 #
b1110 .
18
0:
17
b1110 9
b1 (
b1 -
b1 >
b10001010001 *
#11060000
0%
0!
b1000 #
b1000 .
07
b1000 9
b10 (
b10 -
b10 >
b10001010010 *
#11070000
0!
b1010 #
b1010 .
b1010 9
b11 (
b11 -
b11 >
b10001010011 *
#11080000
0$
0!
b10 #
b10 .
08
b10 9
b100 (
b100 -
b100 >
b10001010100 *
#11090000
0!
b111 #
b111 .
b111 9
b101 (
b101 -
b101 >
b10001010101 *
#11100000
1%
1!
b0 #
b0 .
1;
17
b0 9
b110 (
b110 -
b110 >
b10001010110 *
#11110000
1$
0!
b1100 #
b1100 .
0%
18
0;
b1100 9
07
b111 (
b111 -
b111 >
b10001010111 *
#11120000
0$
1"
1%
0!
b11 #
b11 .
08
1:
17
b11 9
b0 (
b0 -
b1011 '
b1011 ,
b1011 =
b0 >
b10001011000 *
#11130000
1$
0"
1%
0!
b1101 #
b1101 .
18
0:
17
b1101 9
b1 (
b1 -
b1 >
b10001011001 *
#11140000
0%
0!
b1000 #
b1000 .
07
b1000 9
b10 (
b10 -
b10 >
b10001011010 *
#11150000
0!
b1011 #
b1011 .
b1011 9
b11 (
b11 -
b11 >
b10001011011 *
#11160000
0$
0!
b11 #
b11 .
08
b11 9
b100 (
b100 -
b100 >
b10001011100 *
#11170000
0!
b111 #
b111 .
b111 9
b101 (
b101 -
b101 >
b10001011101 *
#11180000
1%
1!
b0 #
b0 .
1;
17
b0 9
b110 (
b110 -
b110 >
b10001011110 *
#11190000
1$
0!
b1100 #
b1100 .
0%
18
0;
b1100 9
07
b111 (
b111 -
b111 >
b10001011111 *
#11200000
0$
1"
1%
0!
b100 #
b100 .
08
1:
17
b100 9
b0 (
b0 -
b1100 '
b1100 ,
b1100 =
b0 >
b10001100000 *
#11210000
1$
0"
1%
0!
b1100 #
b1100 .
18
0:
17
b1100 9
b1 (
b1 -
b1 >
b10001100001 *
#11220000
0%
0!
b1000 #
b1000 .
07
b1000 9
b10 (
b10 -
b10 >
b10001100010 *
#11230000
0!
b1100 #
b1100 .
b1100 9
b11 (
b11 -
b11 >
b10001100011 *
#11240000
0$
0!
b100 #
b100 .
08
b100 9
b100 (
b100 -
b100 >
b10001100100 *
#11250000
0!
b111 #
b111 .
b111 9
b101 (
b101 -
b101 >
b10001100101 *
#11260000
1%
1!
b0 #
b0 .
1;
17
b0 9
b110 (
b110 -
b110 >
b10001100110 *
#11270000
1$
0!
b1100 #
b1100 .
0%
18
0;
b1100 9
07
b111 (
b111 -
b111 >
b10001100111 *
#11280000
0$
1"
1%
0!
b101 #
b101 .
08
1:
17
b101 9
b0 (
b0 -
b1101 '
b1101 ,
b1101 =
b0 >
b10001101000 *
#11290000
1$
0"
1%
0!
b1011 #
b1011 .
18
0:
17
b1011 9
b1 (
b1 -
b1 >
b10001101001 *
#11300000
0%
0!
b1000 #
b1000 .
07
b1000 9
b10 (
b10 -
b10 >
b10001101010 *
#11310000
0!
b1101 #
b1101 .
b1101 9
b11 (
b11 -
b11 >
b10001101011 *
#11320000
0$
0!
b101 #
b101 .
08
b101 9
b100 (
b100 -
b100 >
b10001101100 *
#11330000
0!
b111 #
b111 .
b111 9
b101 (
b101 -
b101 >
b10001101101 *
#11340000
1%
1!
b0 #
b0 .
1;
17
b0 9
b110 (
b110 -
b110 >
b10001101110 *
#11350000
1$
0!
b1100 #
b1100 .
0%
18
0;
b1100 9
07
b111 (
b111 -
b111 >
b10001101111 *
#11360000
0$
1"
1%
0!
b110 #
b110 .
08
1:
17
b110 9
b0 (
b0 -
b1110 '
b1110 ,
b1110 =
b0 >
b10001110000 *
#11370000
1$
0"
1%
0!
b1010 #
b1010 .
18
0:
17
b1010 9
b1 (
b1 -
b1 >
b10001110001 *
#11380000
0%
0!
b1000 #
b1000 .
07
b1000 9
b10 (
b10 -
b10 >
b10001110010 *
#11390000
0!
b1110 #
b1110 .
b1110 9
b11 (
b11 -
b11 >
b10001110011 *
#11400000
0$
0!
b110 #
b110 .
08
b110 9
b100 (
b100 -
b100 >
b10001110100 *
#11410000
0!
b111 #
b111 .
b111 9
b101 (
b101 -
b101 >
b10001110101 *
#11420000
1%
1!
b0 #
b0 .
1;
17
b0 9
b110 (
b110 -
b110 >
b10001110110 *
#11430000
1$
0!
b1100 #
b1100 .
0%
18
0;
b1100 9
07
b111 (
b111 -
b111 >
b10001110111 *
#11440000
0$
1"
1%
0!
b111 #
b111 .
08
1:
17
b111 9
b0 (
b0 -
b1111 '
b1111 ,
b1111 =
b0 >
b10001111000 *
#11450000
1$
0"
1%
0!
b1001 #
b1001 .
18
0:
17
b1001 9
b1 (
b1 -
b1 >
b10001111001 *
#11460000
0%
0!
b1000 #
b1000 .
07
b1000 9
b10 (
b10 -
b10 >
b10001111010 *
#11470000
0!
b1111 #
b1111 .
b1111 9
b11 (
b11 -
b11 >
b10001111011 *
#11480000
0$
0!
b111 #
b111 .
08
b111 9
b100 (
b100 -
b100 >
b10001111100 *
#11490000
0!
b111 #
b111 .
b111 9
b101 (
b101 -
b101 >
b10001111101 *
#11500000
1%
1!
b0 #
b0 .
1;
17
b0 9
b110 (
b110 -
b110 >
b10001111110 *
#11510000
1$
0!
b1100 #
b1100 .
0%
18
0;
b1100 9
07
b111 (
b111 -
b111 >
b10001111111 *
#11520000
0!
b1001 #
b1001 .
b1001 9
b0 (
b0 -
b0 '
b0 ,
b1001 &
b1001 +
b1001 <
b0 =
b0 >
b10010000000 *
#11530000
0!
b1001 #
b1001 .
b1001 9
b1 (
b1 -
b1 >
b10010000001 *
#11540000
0$
1!
b0 #
b0 .
08
1;
b0 9
b10 (
b10 -
b10 >
b10010000010 *
#11550000
1$
0!
b1001 #
b1001 .
18
0;
b1001 9
b11 (
b11 -
b11 >
b10010000011 *
#11560000
0!
b1001 #
b1001 .
b1001 9
b100 (
b100 -
b100 >
b10010000100 *
#11570000
0$
0!
b110 #
b110 .
08
b110 9
b101 (
b101 -
b101 >
b10010000101 *
#11580000
1%
0!
b10 #
b10 .
17
b10 9
b110 (
b110 -
b110 >
b10010000110 *
#11590000
1$
1%
0!
b1100 #
b1100 .
18
17
b1100 9
b111 (
b111 -
b111 >
b10010000111 *
#11600000
0%
0!
b1010 #
b1010 .
07
b1010 9
b0 (
b0 -
b1 '
b1 ,
b1 =
b0 >
b10010001000 *
#11610000
0!
b1000 #
b1000 .
b1000 9
b1 (
b1 -
b1 >
b10010001001 *
#11620000
0$
0!
b1 #
b1 .
08
b1 9
b10 (
b10 -
b10 >
b10010001010 *
#11630000
1$
0!
b1001 #
b1001 .
18
b1001 9
b11 (
b11 -
b11 >
b10010001011 *
#11640000
0!
b1000 #
b1000 .
b1000 9
b100 (
b100 -
b100 >
b10010001100 *
#11650000
0$
0!
b110 #
b110 .
08
b110 9
b101 (
b101 -
b101 >
b10010001101 *
#11660000
1%
0!
b10 #
b10 .
17
b10 9
b110 (
b110 -
b110 >
b10010001110 *
#11670000
1$
1%
0!
b1100 #
b1100 .
18
17
b1100 9
b111 (
b111 -
b111 >
b10010001111 *
#11680000
0%
0!
b1011 #
b1011 .
07
b1011 9
b0 (
b0 -
b10 '
b10 ,
b10 =
b0 >
b10010010000 *
#11690000
0$
1"
0!
b111 #
b111 .
08
1:
b111 9
b1 (
b1 -
b1 >
b10010010001 *
#11700000
0"
1!
b0 #
b0 .
1;
0:
b0 9
b10 (
b10 -
b10 >
b10010010010 *
#11710000
1$
0!
b1011 #
b1011 .
18
0;
b1011 9
b11 (
b11 -
b11 >
b10010010011 *
#11720000
0!
b1011 #
b1011 .
b1011 9
b100 (
b100 -
b100 >
b10010010100 *
#11730000
0$
0!
b110 #
b110 .
08
b110 9
b101 (
b101 -
b101 >
b10010010101 *
#11740000
1%
0!
b10 #
b10 .
17
b10 9
b110 (
b110 -
b110 >
b10010010110 *
#11750000
1$
1%
0!
b1100 #
b1100 .
18
17
b1100 9
b111 (
b111 -
b111 >
b10010010111 *
#11760000
0%
0!
b1100 #
b1100 .
07
b1100 9
b0 (
b0 -
b11 '
b11 ,
b11 =
b0 >
b10010011000 *
#11770000
0$
1"
0!
b110 #
b110 .
08
1:
b110 9
b1 (
b1 -
b1 >
b10010011001 *
#11780000
0"
0!
b1 #
b1 .
0:
b1 9
b10 (
b10 -
b10 >
b10010011010 *
#11790000
1$
0!
b1011 #
b1011 .
18
b1011 9
b11 (
b11 -
b11 >
b10010011011 *
#11800000
0!
b1010 #
b1010 .
b1010 9
b100 (
b100 -
b100 >
b10010011100 *
#11810000
0$
0!
b110 #
b110 .
08
b110 9
b101 (
b101 -
b101 >
b10010011101 *
#11820000
1%
0!
b10 #
b10 .
17
b10 9
b110 (
b110 -
b110 >
b10010011110 *
#11830000
1$
1%
0!
b1100 #
b1100 .
18
17
b1100 9
b111 (
b111 -
b111 >
b10010011111 *
#11840000
0%
0!
b1101 #
b1101 .
07
b1101 9
b0 (
b0 -
b100 '
b100 ,
b100 =
b0 >
b10010100000 *
#11850000
0$
1"
0!
b101 #
b101 .
08
1:
b101 9
b1 (
b1 -
b1 >
b10010100001 *
#11860000
0"
1!
b0 #
b0 .
1;
0:
b0 9
b10 (
b10 -
b10 >
b10010100010 *
#11870000
1$
0!
b1101 #
b1101 .
18
0;
b1101 9
b11 (
b11 -
b11 >
b10010100011 *
#11880000
0!
b1101 #
b1101 .
b1101 9
b100 (
b100 -
b100 >
b10010100100 *
#11890000
0$
0!
b110 #
b110 .
08
b110 9
b101 (
b101 -
b101 >
b10010100101 *
#11900000
1%
0!
b10 #
b10 .
17
b10 9
b110 (
b110 -
b110 >
b10010100110 *
#11910000
1$
1%
0!
b1100 #
b1100 .
18
17
b1100 9
b111 (
b111 -
b111 >
b10010100111 *
#11920000
0%
0!
b1110 #
b1110 .
07
b1110 9
b0 (
b0 -
b101 '
b101 ,
b101 =
b0 >
b10010101000 *
#11930000
0$
1"
0!
b100 #
b100 .
08
1:
b100 9
b1 (
b1 -
b1 >
b10010101001 *
#11940000
0"
0!
b1 #
b1 .
0:
b1 9
b10 (
b10 -
b10 >
b10010101010 *
#11950000
1$
0!
b1101 #
b1101 .
18
b1101 9
b11 (
b11 -
b11 >
b10010101011 *
#11960000
0!
b1100 #
b1100 .
b1100 9
b100 (
b100 -
b100 >
b10010101100 *
#11970000
0$
0!
b110 #
b110 .
08
b110 9
b101 (
b101 -
b101 >
b10010101101 *
#11980000
1%
0!
b10 #
b10 .
17
b10 9
b110 (
b110 -
b110 >
b10010101110 *
#11990000
1$
1%
0!
b1100 #
b1100 .
18
17
b1100 9
b111 (
b111 -
b111 >
b10010101111 *
#12000000
0%
0!
b1111 #
b1111 .
07
b1111 9
b0 (
b0 -
b110 '
b110 ,
b110 =
b0 >
b10010110000 *
#12010000
0$
1"
0!
b11 #
b11 .
08
1:
b11 9
b1 (
b1 -
b1 >
b10010110001 *
#12020000
0"
1!
b0 #
b0 .
1;
0:
b0 9
b10 (
b10 -
b10 >
b10010110010 *
#12030000
1$
0!
b1111 #
b1111 .
18
0;
b1111 9
b11 (
b11 -
b11 >
b10010110011 *
#12040000
0!
b1111 #
b1111 .
b1111 9
b100 (
b100 -
b100 >
b10010110100 *
#12050000
0$
0!
b110 #
b110 .
08
b110 9
b101 (
b101 -
b101 >
b10010110101 *
#12060000
1%
0!
b10 #
b10 .
17
b10 9
b110 (
b110 -
b110 >
b10010110110 *
#12070000
1$
1%
0!
b1100 #
b1100 .
18
17
b1100 9
b111 (
b111 -
b111 >
b10010110111 *
#12080000
0$
1%
1!
b0 #
b0 .
08
1;
17
b0 9
b0 (
b0 -
b111 '
b111 ,
b111 =
b0 >
b10010111000 *
#12090000
1"
0!
b10 #
b10 .
0%
0;
1:
b10 9
07
b1 (
b1 -
b1 >
b10010111001 *
#12100000
0"
0!
b1 #
b1 .
0:
b1 9
b10 (
b10 -
b10 >
b10010111010 *
#12110000
1$
0!
b1111 #
b1111 .
18
b1111 9
b11 (
b11 -
b11 >
b10010111011 *
#12120000
0!
b1110 #
b1110 .
b1110 9
b100 (
b100 -
b100 >
b10010111100 *
#12130000
0$
0!
b110 #
b110 .
08
b110 9
b101 (
b101 -
b101 >
b10010111101 *
#12140000
1%
0!
b10 #
b10 .
17
b10 9
b110 (
b110 -
b110 >
b10010111110 *
#12150000
1$
1%
0!
b1100 #
b1100 .
18
17
b1100 9
b111 (
b111 -
b111 >
b10010111111 *
#12160000
0$
1"
1%
0!
b1 #
b1 .
08
1:
17
b1 9
b0 (
b0 -
b1000 '
b1000 ,
b1000 =
b0 >
b10011000000 *
#12170000
0"
0%
0!
b1 #
b1 .
0:
07
b1 9
b1 (
b1 -
b1 >
b10011000001 *
#12180000
1$
0!
b1000 #
b1000 .
18
b1000 9
b10 (
b10 -
b10 >
b10011000010 *
#12190000
0!
b1001 #
b1001 .
b1001 9
b11 (
b11 -
b11 >
b10011000011 *
#12200000
0$
0!
b1 #
b1 .
08
b1 9
b100 (
b100 -
b100 >
b10011000100 *
#12210000
0!
b110 #
b110 .
b110 9
b101 (
b101 -
b101 >
b10011000101 *
#12220000
1%
0!
b10 #
b10 .
17
b10 9
b110 (
b110 -
b110 >
b10011000110 *
#12230000
1$
1%
0!
b1100 #
b1100 .
18
17
b1100 9
b111 (
b111 -
b111 >
b10011000111 *
#12240000
0$
1"
1%
0!
b10 #
b10 .
08
1:
17
b10 9
b0 (
b0 -
b1001 '
b1001 ,
b1001 =
b0 >
b10011001000 *
#12250000
0"
0%
1!
b0 #
b0 .
1;
0:
07
b0 9
b1 (
b1 -
b1 >
b10011001001 *
#12260000
1$
0!
b1001 #
b1001 .
18
0;
b1001 9
b10 (
b10 -
b10 >
b10011001010 *
#12270000
0!
b1001 #
b1001 .
b1001 9
b11 (
b11 -
b11 >
b10011001011 *
#12280000
0$
1!
b0 #
b0 .
08
1;
b0 9
b100 (
b100 -
b100 >
b10011001100 *
#12290000
0!
b110 #
b110 .
0;
b110 9
b101 (
b101 -
b101 >
b10011001101 *
#12300000
1%
0!
b10 #
b10 .
17
b10 9
b110 (
b110 -
b110 >
b10011001110 *
#12310000
1$
1%
0!
b1100 #
b1100 .
18
17
b1100 9
b111 (
b111 -
b111 >
b10011001111 *
#12320000
0$
1"
1%
0!
b11 #
b11 .
08
1:
17
b11 9
b0 (
b0 -
b1010 '
b1010 ,
b1010 =
b0 >
b10011010000 *
#12330000
1$
0"
1%
0!
b1111 #
b1111 .
18
0:
17
b1111 9
b1 (
b1 -
b1 >
b10011010001 *
#12340000
0%
0!
b1000 #
b1000 .
07
b1000 9
b10 (
b10 -
b10 >
b10011010010 *
#12350000
0!
b1011 #
b1011 .
b1011 9
b11 (
b11 -
b11 >
b10011010011 *
#12360000
0$
0!
b11 #
b11 .
08
b11 9
b100 (
b100 -
b100 >
b10011010100 *
#12370000
0!
b110 #
b110 .
b110 9
b101 (
b101 -
b101 >
b10011010101 *
#12380000
1%
0!
b10 #
b10 .
17
b10 9
b110 (
b110 -
b110 >
b10011010110 *
#12390000
1$
1%
0!
b1100 #
b1100 .
18
17
b1100 9
b111 (
b111 -
b111 >
b10011010111 *
#12400000
0$
1"
1%
0!
b100 #
b100 .
08
1:
17
b100 9
b0 (
b0 -
b1011 '
b1011 ,
b1011 =
b0 >
b10011011000 *
#12410000
1$
0"
1%
0!
b1110 #
b1110 .
18
0:
17
b1110 9
b1 (
b1 -
b1 >
b10011011001 *
#12420000
0%
0!
b1001 #
b1001 .
07
b1001 9
b10 (
b10 -
b10 >
b10011011010 *
#12430000
0!
b1011 #
b1011 .
b1011 9
b11 (
b11 -
b11 >
b10011011011 *
#12440000
0$
0!
b10 #
b10 .
08
b10 9
b100 (
b100 -
b100 >
b10011011100 *
#12450000
0!
b110 #
b110 .
b110 9
b101 (
b101 -
b101 >
b10011011101 *
#12460000
1%
0!
b10 #
b10 .
17
b10 9
b110 (
b110 -
b110 >
b10011011110 *
#12470000
1$
1%
0!
b1100 #
b1100 .
18
17
b1100 9
b111 (
b111 -
b111 >
b10011011111 *
#12480000
0$
1"
1%
0!
b101 #
b101 .
08
1:
17
b101 9
b0 (
b0 -
b1100 '
b1100 ,
b1100 =
b0 >
b10011100000 *
#12490000
1$
0"
1%
0!
b1101 #
b1101 .
18
0:
17
b1101 9
b1 (
b1 -
b1 >
b10011100001 *
#12500000
0%
0!
b1000 #
b1000 .
07
b1000 9
b10 (
b10 -
b10 >
b10011100010 *
#12510000
0!
b1101 #
b1101 .
b1101 9
b11 (
b11 -
b11 >
b10011100011 *
#12520000
0$
0!
b101 #
b101 .
08
b101 9
b100 (
b100 -
b100 >
b10011100100 *
#12530000
0!
b110 #
b110 .
b110 9
b101 (
b101 -
b101 >
b10011100101 *
#12540000
1%
0!
b10 #
b10 .
17
b10 9
b110 (
b110 -
b110 >
b10011100110 *
#12550000
1$
1%
0!
b1100 #
b1100 .
18
17
b1100 9
b111 (
b111 -
b111 >
b10011100111 *
#12560000
0$
1"
1%
0!
b110 #
b110 .
08
1:
17
b110 9
b0 (
b0 -
b1101 '
b1101 ,
b1101 =
b0 >
b10011101000 *
#12570000
1$
0"
1%
0!
b1100 #
b1100 .
18
0:
17
b1100 9
b1 (
b1 -
b1 >
b10011101001 *
#12580000
0%
0!
b1001 #
b1001 .
07
b1001 9
b10 (
b10 -
b10 >
b10011101010 *
#12590000
0!
b1101 #
b1101 .
b1101 9
b11 (
b11 -
b11 >
b10011101011 *
#12600000
0$
0!
b100 #
b100 .
08
b100 9
b100 (
b100 -
b100 >
b10011101100 *
#12610000
0!
b110 #
b110 .
b110 9
b101 (
b101 -
b101 >
b10011101101 *
#12620000
1%
0!
b10 #
b10 .
17
b10 9
b110 (
b110 -
b110 >
b10011101110 *
#12630000
1$
1%
0!
b1100 #
b1100 .
18
17
b1100 9
b111 (
b111 -
b111 >
b10011101111 *
#12640000
0$
1"
1%
0!
b111 #
b111 .
08
1:
17
b111 9
b0 (
b0 -
b1110 '
b1110 ,
b1110 =
b0 >
b10011110000 *
#12650000
1$
0"
1%
0!
b1011 #
b1011 .
18
0:
17
b1011 9
b1 (
b1 -
b1 >
b10011110001 *
#12660000
0%
0!
b1000 #
b1000 .
07
b1000 9
b10 (
b10 -
b10 >
b10011110010 *
#12670000
0!
b1111 #
b1111 .
b1111 9
b11 (
b11 -
b11 >
b10011110011 *
#12680000
0$
0!
b111 #
b111 .
08
b111 9
b100 (
b100 -
b100 >
b10011110100 *
#12690000
0!
b110 #
b110 .
b110 9
b101 (
b101 -
b101 >
b10011110101 *
#12700000
1%
0!
b10 #
b10 .
17
b10 9
b110 (
b110 -
b110 >
b10011110110 *
#12710000
1$
1%
0!
b1100 #
b1100 .
18
17
b1100 9
b111 (
b111 -
b111 >
b10011110111 *
#12720000
1%
0!
b1000 #
b1000 .
17
b1000 9
b0 (
b0 -
b1111 '
b1111 ,
b1111 =
b0 >
b10011111000 *
#12730000
1%
0!
b1010 #
b1010 .
17
b1010 9
b1 (
b1 -
b1 >
b10011111001 *
#12740000
0%
0!
b1001 #
b1001 .
07
b1001 9
b10 (
b10 -
b10 >
b10011111010 *
#12750000
0!
b1111 #
b1111 .
b1111 9
b11 (
b11 -
b11 >
b10011111011 *
#12760000
0$
0!
b110 #
b110 .
08
b110 9
b100 (
b100 -
b100 >
b10011111100 *
#12770000
0!
b110 #
b110 .
b110 9
b101 (
b101 -
b101 >
b10011111101 *
#12780000
1%
0!
b10 #
b10 .
17
b10 9
b110 (
b110 -
b110 >
b10011111110 *
#12790000
1$
1%
0!
b1100 #
b1100 .
18
17
b1100 9
b111 (
b111 -
b111 >
b10011111111 *
#12800000
0%
0!
b1010 #
b1010 .
07
b1010 9
b0 (
b0 -
b0 '
b0 ,
b1010 &
b1010 +
b1010 <
b0 =
b0 >
b10100000000 *
#12810000
0!
b1010 #
b1010 .
b1010 9
b1 (
b1 -
b1 >
b10100000001 *
#12820000
0$
1!
b0 #
b0 .
08
1;
b0 9
b10 (
b10 -
b10 >
b10100000010 *
#12830000
1$
0!
b1010 #
b1010 .
18
0;
b1010 9
b11 (
b11 -
b11 >
b10100000011 *
#12840000
0!
b1010 #
b1010 .
b1010 9
b100 (
b100 -
b100 >
b10100000100 *
#12850000
0$
0!
b101 #
b101 .
08
b101 9
b101 (
b101 -
b101 >
b10100000101 *
#12860000
1%
0!
b100 #
b100 .
17
b100 9
b110 (
b110 -
b110 >
b10100000110 *
#12870000
1$
0%
0!
b1101 #
b1101 .
18
07
b1101 9
b111 (
b111 -
b111 >
b10100000111 *
#12880000
0!
b1011 #
b1011 .
b1011 9
b0 (
b0 -
b1 '
b1 ,
b1 =
b0 >
b10100001000 *
#12890000
0!
b1001 #
b1001 .
b1001 9
b1 (
b1 -
b1 >
b10100001001 *
#12900000
0$
1!
b0 #
b0 .
08
1;
b0 9
b10 (
b10 -
b10 >
b10100001010 *
#12910000
1$
0!
b1011 #
b1011 .
18
0;
b1011 9
b11 (
b11 -
b11 >
b10100001011 *
#12920000
0!
b1011 #
b1011 .
b1011 9
b100 (
b100 -
b100 >
b10100001100 *
#12930000
0$
0!
b101 #
b101 .
08
b101 9
b101 (
b101 -
b101 >
b10100001101 *
#12940000
1%
0!
b100 #
b100 .
17
b100 9
b110 (
b110 -
b110 >
b10100001110 *
#12950000
1$
0%
0!
b1101 #
b1101 .
18
07
b1101 9
b111 (
b111 -
b111 >
b10100001111 *
#12960000
0!
b1100 #
b1100 .
b1100 9
b0 (
b0 -
b10 '
b10 ,
b10 =
b0 >
b10100010000 *
#12970000
0!
b1000 #
b1000 .
b1000 9
b1 (
b1 -
b1 >
b10100010001 *
#12980000
0$
0!
b10 #
b10 .
08
b10 9
b10 (
b10 -
b10 >
b10100010010 *
#12990000
1$
0!
b1010 #
b1010 .
18
b1010 9
b11 (
b11 -
b11 >
b10100010011 *
#13000000
0!
b1000 #
b1000 .
b1000 9
b100 (
b100 -
b100 >
b10100010100 *
#13010000
0$
0!
b101 #
b101 .
08
b101 9
b101 (
b101 -
b101 >
b10100010101 *
#13020000
1%
0!
b100 #
b100 .
17
b100 9
b110 (
b110 -
b110 >
b10100010110 *
#13030000
1$
0%
0!
b1101 #
b1101 .
18
07
b1101 9
b111 (
b111 -
b111 >
b10100010111 *
#13040000
0!
b1101 #
b1101 .
b1101 9
b0 (
b0 -
b11 '
b11 ,
b11 =
b0 >
b10100011000 *
#13050000
0$
1"
0!
b111 #
b111 .
08
1:
b111 9
b1 (
b1 -
b1 >
b10100011001 *
#13060000
0"
0!
b10 #
b10 .
0:
b10 9
b10 (
b10 -
b10 >
b10100011010 *
#13070000
1$
0!
b1011 #
b1011 .
18
b1011 9
b11 (
b11 -
b11 >
b10100011011 *
#13080000
0!
b1001 #
b1001 .
b1001 9
b100 (
b100 -
b100 >
b10100011100 *
#13090000
0$
0!
b101 #
b101 .
08
b101 9
b101 (
b101 -
b101 >
b10100011101 *
#13100000
1%
0!
b100 #
b100 .
17
b100 9
b110 (
b110 -
b110 >
b10100011110 *
#13110000
1$
0%
0!
b1101 #
b1101 .
18
07
b1101 9
b111 (
b111 -
b111 >
b10100011111 *
#13120000
0!
b1110 #
b1110 .
b1110 9
b0 (
b0 -
b100 '
b100 ,
b100 =
b0 >
b10100100000 *
#13130000
0$
1"
0!
b110 #
b110 .
08
1:
b110 9
b1 (
b1 -
b1 >
b10100100001 *
#13140000
0"
1!
b0 #
b0 .
1;
0:
b0 9
b10 (
b10 -
b10 >
b10100100010 *
#13150000
1$
0!
b1110 #
b1110 .
18
0;
b1110 9
b11 (
b11 -
b11 >
b10100100011 *
#13160000
0!
b1110 #
b1110 .
b1110 9
b100 (
b100 -
b100 >
b10100100100 *
#13170000
0$
0!
b101 #
b101 .
08
b101 9
b101 (
b101 -
b101 >
b10100100101 *
#13180000
1%
0!
b100 #
b100 .
17
b100 9
b110 (
b110 -
b110 >
b10100100110 *
#13190000
1$
0%
0!
b1101 #
b1101 .
18
07
b1101 9
b111 (
b111 -
b111 >
b10100100111 *
#13200000
0!
b1111 #
b1111 .
b1111 9
b0 (
b0 -
b101 '
b101 ,
b101 =
b0 >
b10100101000 *
#13210000
0$
1"
0!
b101 #
b101 .
08
1:
b101 9
b1 (
b1 -
b1 >
b10100101001 *
#13220000
0"
1!
b0 #
b0 .
1;
0:
b0 9
b10 (
b10 -
b10 >
b10100101010 *
#13230000
1$
0!
b1111 #
b1111 .
18
0;
b1111 9
b11 (
b11 -
b11 >
b10100101011 *
#13240000
0!
b1111 #
b1111 .
b1111 9
b100 (
b100 -
b100 >
b10100101100 *
#13250000
0$
0!
b101 #
b101 .
08
b101 9
b101 (
b101 -
b101 >
b10100101101 *
#13260000
1%
0!
b100 #
b100 .
17
b100 9
b110 (
b110 -
b110 >
b10100101110 *
#13270000
1$
0%
0!
b1101 #
b1101 .
18
07
b1101 9
b111 (
b111 -
b111 >
b10100101111 *
#13280000
0$
1%
1!
b0 #
b0 .
08
1;
17
b0 9
b0 (
b0 -
b110 '
b110 ,
b110 =
b0 >
b10100110000 *
#13290000
1"
0!
b100 #
b100 .
0%
0;
1:
b100 9
07
b1 (
b1 -
b1 >
b10100110001 *
#13300000
0"
0!
b10 #
b10 .
0:
b10 9
b10 (
b10 -
b10 >
b10100110010 *
#13310000
1$
0!
b1110 #
b1110 .
18
b1110 9
b11 (
b11 -
b11 >
b10100110011 *
#13320000
0!
b1100 #
b1100 .
b1100 9
b100 (
b100 -
b100 >
b10100110100 *
#13330000
0$
0!
b101 #
b101 .
08
b101 9
b101 (
b101 -
b101 >
b10100110101 *
#13340000
1%
0!
b100 #
b100 .
17
b100 9
b110 (
b110 -
b110 >
b10100110110 *
#13350000
1$
0%
0!
b1101 #
b1101 .
18
07
b1101 9
b111 (
b111 -
b111 >
b10100110111 *
#13360000
0$
1%
0!
b1 #
b1 .
08
17
b1 9
b0 (
b0 -
b111 '
b111 ,
b111 =
b0 >
b10100111000 *
#13370000
1"
0%
0!
b11 #
b11 .
1:
07
b11 9
b1 (
b1 -
b1 >
b10100111001 *
#13380000
0"
0!
b10 #
b10 .
0:
b10 9
b10 (
b10 -
b10 >
b10100111010 *
#13390000
1$
0!
b1111 #
b1111 .
18
b1111 9
b11 (
b11 -
b11 >
b10100111011 *
#13400000
0!
b1101 #
b1101 .
b1101 9
b100 (
b100 -
b100 >
b10100111100 *
#13410000
0$
0!
b101 #
b101 .
08
b101 9
b101 (
b101 -
b101 >
b10100111101 *
#13420000
1%
0!
b100 #
b100 .
17
b100 9
b110 (
b110 -
b110 >
b10100111110 *
#13430000
1$
0%
0!
b1101 #
b1101 .
18
07
b1101 9
b111 (
b111 -
b111 >
b10100111111 *
#13440000
0$
1"
1%
0!
b10 #
b10 .
08
1:
17
b10 9
b0 (
b0 -
b1000 '
b1000 ,
b1000 =
b0 >
b10101000000 *
#13450000
0"
0%
0!
b10 #
b10 .
0:
07
b10 9
b1 (
b1 -
b1 >
b10101000001 *
#13460000
1$
0!
b1000 #
b1000 .
18
b1000 9
b10 (
b10 -
b10 >
b10101000010 *
#13470000
0!
b1010 #
b1010 .
b1010 9
b11 (
b11 -
b11 >
b10101000011 *
#13480000
0$
0!
b10 #
b10 .
08
b10 9
b100 (
b100 -
b100 >
b10101000100 *
#13490000
0!
b101 #
b101 .
b101 9
b101 (
b101 -
b101 >
b10101000101 *
#13500000
1%
0!
b100 #
b100 .
17
b100 9
b110 (
b110 -
b110 >
b10101000110 *
#13510000
1$
0%
0!
b1101 #
b1101 .
18
07
b1101 9
b111 (
b111 -
b111 >
b10101000111 *
#13520000
0$
1"
1%
0!
b11 #
b11 .
08
1:
17
b11 9
b0 (
b0 -
b1001 '
b1001 ,
b1001 =
b0 >
b10101001000 *
#13530000
0"
0%
0!
b1 #
b1 .
0:
07
b1 9
b1 (
b1 -
b1 >
b10101001001 *
#13540000
1$
0!
b1000 #
b1000 .
18
b1000 9
b10 (
b10 -
b10 >
b10101001010 *
#13550000
0!
b1011 #
b1011 .
b1011 9
b11 (
b11 -
b11 >
b10101001011 *
#13560000
0$
0!
b11 #
b11 .
08
b11 9
b100 (
b100 -
b100 >
b10101001100 *
#13570000
0!
b101 #
b101 .
b101 9
b101 (
b101 -
b101 >
b10101001101 *
#13580000
1%
0!
b100 #
b100 .
17
b100 9
b110 (
b110 -
b110 >
b10101001110 *
#13590000
1$
0%
0!
b1101 #
b1101 .
18
07
b1101 9
b111 (
b111 -
b111 >
b10101001111 *
#13600000
0$
1"
1%
0!
b100 #
b100 .
08
1:
17
b100 9
b0 (
b0 -
b1010 '
b1010 ,
b1010 =
b0 >
b10101010000 *
#13610000
0"
0%
1!
b0 #
b0 .
1;
0:
07
b0 9
b1 (
b1 -
b1 >
b10101010001 *
#13620000
1$
0!
b1010 #
b1010 .
18
0;
b1010 9
b10 (
b10 -
b10 >
b10101010010 *
#13630000
0!
b1010 #
b1010 .
b1010 9
b11 (
b11 -
b11 >
b10101010011 *
#13640000
0$
1!
b0 #
b0 .
08
1;
b0 9
b100 (
b100 -
b100 >
b10101010100 *
#13650000
0!
b101 #
b101 .
0;
b101 9
b101 (
b101 -
b101 >
b10101010101 *
#13660000
1%
0!
b100 #
b100 .
17
b100 9
b110 (
b110 -
b110 >
b10101010110 *
#13670000
1$
0%
0!
b1101 #
b1101 .
18
07
b1101 9
b111 (
b111 -
b111 >
b10101010111 *
#13680000
0$
1"
1%
0!
b101 #
b101 .
08
1:
17
b101 9
b0 (
b0 -
b1011 '
b1011 ,
b1011 =
b0 >
b10101011000 *
#13690000
1$
0"
1%
0!
b1111 #
b1111 .
18
0:
17
b1111 9
b1 (
b1 -
b1 >
b10101011001 *
#13700000
0%
0!
b1010 #
b1010 .
07
b1010 9
b10 (
b10 -
b10 >
b10101011010 *
#13710000
0!
b1011 #
b1011 .
b1011 9
b11 (
b11 -
b11 >
b10101011011 *
#13720000
0$
0!
b1 #
b1 .
08
b1 9
b100 (
b100 -
b100 >
b10101011100 *
#13730000
0!
b101 #
b101 .
b101 9
b101 (
b101 -
b101 >
b10101011101 *
#13740000
1%
0!
b100 #
b100 .
17
b100 9
b110 (
b110 -
b110 >
b10101011110 *
#13750000
1$
0%
0!
b1101 #
b1101 .
18
07
b1101 9
b111 (
b111 -
b111 >
b10101011111 *
#13760000
0$
1"
1%
0!
b110 #
b110 .
08
1:
17
b110 9
b0 (
b0 -
b1100 '
b1100 ,
b1100 =
b0 >
b10101100000 *
#13770000
1$
0"
1%
0!
b1110 #
b1110 .
18
0:
17
b1110 9
b1 (
b1 -
b1 >
b10101100001 *
#13780000
0%
0!
b1000 #
b1000 .
07
b1000 9
b10 (
b10 -
b10 >
b10101100010 *
#13790000
0!
b1110 #
b1110 .
b1110 9
b11 (
b11 -
b11 >
b10101100011 *
#13800000
0$
0!
b110 #
b110 .
08
b110 9
b100 (
b100 -
b100 >
b10101100100 *
#13810000
0!
b101 #
b101 .
b101 9
b101 (
b101 -
b101 >
b10101100101 *
#13820000
1%
0!
b100 #
b100 .
17
b100 9
b110 (
b110 -
b110 >
b10101100110 *
#13830000
1$
0%
0!
b1101 #
b1101 .
18
07
b1101 9
b111 (
b111 -
b111 >
b10101100111 *
#13840000
0$
1"
1%
0!
b111 #
b111 .
08
1:
17
b111 9
b0 (
b0 -
b1101 '
b1101 ,
b1101 =
b0 >
b10101101000 *
#13850000
1$
0"
1%
0!
b1101 #
b1101 .
18
0:
17
b1101 9
b1 (
b1 -
b1 >
b10101101001 *
#13860000
0%
0!
b1000 #
b1000 .
07
b1000 9
b10 (
b10 -
b10 >
b10101101010 *
#13870000
0!
b1111 #
b1111 .
b1111 9
b11 (
b11 -
b11 >
b10101101011 *
#13880000
0$
0!
b111 #
b111 .
08
b111 9
b100 (
b100 -
b100 >
b10101101100 *
#13890000
0!
b101 #
b101 .
b101 9
b101 (
b101 -
b101 >
b10101101101 *
#13900000
1%
0!
b100 #
b100 .
17
b100 9
b110 (
b110 -
b110 >
b10101101110 *
#13910000
1$
0%
0!
b1101 #
b1101 .
18
07
b1101 9
b111 (
b111 -
b111 >
b10101101111 *
#13920000
1%
0!
b1000 #
b1000 .
17
b1000 9
b0 (
b0 -
b1110 '
b1110 ,
b1110 =
b0 >
b10101110000 *
#13930000
1%
0!
b1100 #
b1100 .
17
b1100 9
b1 (
b1 -
b1 >
b10101110001 *
#13940000
0%
0!
b1010 #
b1010 .
07
b1010 9
b10 (
b10 -
b10 >
b10101110010 *
#13950000
0!
b1110 #
b1110 .
b1110 9
b11 (
b11 -
b11 >
b10101110011 *
#13960000
0$
0!
b100 #
b100 .
08
b100 9
b100 (
b100 -
b100 >
b10101110100 *
#13970000
0!
b101 #
b101 .
b101 9
b101 (
b101 -
b101 >
b10101110101 *
#13980000
1%
0!
b100 #
b100 .
17
b100 9
b110 (
b110 -
b110 >
b10101110110 *
#13990000
1$
0%
0!
b1101 #
b1101 .
18
07
b1101 9
b111 (
b111 -
b111 >
b10101110111 *
#14000000
1%
0!
b1001 #
b1001 .
17
b1001 9
b0 (
b0 -
b1111 '
b1111 ,
b1111 =
b0 >
b10101111000 *
#14010000
1%
0!
b1011 #
b1011 .
17
b1011 9
b1 (
b1 -
b1 >
b10101111001 *
#14020000
0%
0!
b1010 #
b1010 .
07
b1010 9
b10 (
b10 -
b10 >
b10101111010 *
#14030000
0!
b1111 #
b1111 .
b1111 9
b11 (
b11 -
b11 >
b10101111011 *
#14040000
0$
0!
b101 #
b101 .
08
b101 9
b100 (
b100 -
b100 >
b10101111100 *
#14050000
0!
b101 #
b101 .
b101 9
b101 (
b101 -
b101 >
b10101111101 *
#14060000
1%
0!
b100 #
b100 .
17
b100 9
b110 (
b110 -
b110 >
b10101111110 *
#14070000
1$
0%
0!
b1101 #
b1101 .
18
07
b1101 9
b111 (
b111 -
b111 >
b10101111111 *
#14080000
0!
b1011 #
b1011 .
b1011 9
b0 (
b0 -
b0 '
b0 ,
b1011 &
b1011 +
b1011 <
b0 =
b0 >
b10110000000 *
#14090000
0!
b1011 #
b1011 .
b1011 9
b1 (
b1 -
b1 >
b10110000001 *
#14100000
0$
1!
b0 #
b0 .
08
1;
b0 9
b10 (
b10 -
b10 >
b10110000010 *
#14110000
1$
0!
b1011 #
b1011 .
18
0;
b1011 9
b11 (
b11 -
b11 >
b10110000011 *
#14120000
0!
b1011 #
b1011 .
b1011 9
b100 (
b100 -
b100 >
b10110000100 *
#14130000
0$
0!
b100 #
b100 .
08
b100 9
b101 (
b101 -
b101 >
b10110000101 *
#14140000
1%
0!
b110 #
b110 .
17
b110 9
b110 (
b110 -
b110 >
b10110000110 *
#14150000
1$
1%
0!
b1101 #
b1101 .
18
17
b1101 9
b111 (
b111 -
b111 >
b10110000111 *
#14160000
0%
0!
b1100 #
b1100 .
07
b1100 9
b0 (
b0 -
b1 '
b1 ,
b1 =
b0 >
b10110001000 *
#14170000
0!
b1010 #
b1010 .
b1010 9
b1 (
b1 -
b1 >
b10110001001 *
#14180000
0$
0!
b1 #
b1 .
08
b1 9
b10 (
b10 -
b10 >
b10110001010 *
#14190000
1$
0!
b1011 #
b1011 .
18
b1011 9
b11 (
b11 -
b11 >
b10110001011 *
#14200000
0!
b1010 #
b1010 .
b1010 9
b100 (
b100 -
b100 >
b10110001100 *
#14210000
0$
0!
b100 #
b100 .
08
b100 9
b101 (
b101 -
b101 >
b10110001101 *
#14220000
1%
0!
b110 #
b110 .
17
b110 9
b110 (
b110 -
b110 >
b10110001110 *
#14230000
1$
1%
0!
b1101 #
b1101 .
18
17
b1101 9
b111 (
b111 -
b111 >
b10110001111 *
#14240000
0%
0!
b1101 #
b1101 .
07
b1101 9
b0 (
b0 -
b10 '
b10 ,
b10 =
b0 >
b10110010000 *
#14250000
0!
b1001 #
b1001 .
b1001 9
b1 (
b1 -
b1 >
b10110010001 *
#14260000
0$
0!
b10 #
b10 .
08
b10 9
b10 (
b10 -
b10 >
b10110010010 *
#14270000
1$
0!
b1011 #
b1011 .
18
b1011 9
b11 (
b11 -
b11 >
b10110010011 *
#14280000
0!
b1001 #
b1001 .
b1001 9
b100 (
b100 -
b100 >
b10110010100 *
#14290000
0$
0!
b100 #
b100 .
08
b100 9
b101 (
b101 -
b101 >
b10110010101 *
#14300000
1%
0!
b110 #
b110 .
17
b110 9
b110 (
b110 -
b110 >
b10110010110 *
#14310000
1$
1%
0!
b1101 #
b1101 .
18
17
b1101 9
b111 (
b111 -
b111 >
b10110010111 *
#14320000
0%
0!
b1110 #
b1110 .
07
b1110 9
b0 (
b0 -
b11 '
b11 ,
b11 =
b0 >
b10110011000 *
#14330000
0!
b1000 #
b1000 .
b1000 9
b1 (
b1 -
b1 >
b10110011001 *
#14340000
0$
0!
b11 #
b11 .
08
b11 9
b10 (
b10 -
b10 >
b10110011010 *
#14350000
1$
0!
b1011 #
b1011 .
18
b1011 9
b11 (
b11 -
b11 >
b10110011011 *
#14360000
0!
b1000 #
b1000 .
b1000 9
b100 (
b100 -
b100 >
b10110011100 *
#14370000
0$
0!
b100 #
b100 .
08
b100 9
b101 (
b101 -
b101 >
b10110011101 *
#14380000
1%
0!
b110 #
b110 .
17
b110 9
b110 (
b110 -
b110 >
b10110011110 *
#14390000
1$
1%
0!
b1101 #
b1101 .
18
17
b1101 9
b111 (
b111 -
b111 >
b10110011111 *
#14400000
0%
0!
b1111 #
b1111 .
07
b1111 9
b0 (
b0 -
b100 '
b100 ,
b100 =
b0 >
b10110100000 *
#14410000
0$
1"
0!
b111 #
b111 .
08
1:
b111 9
b1 (
b1 -
b1 >
b10110100001 *
#14420000
0"
1!
b0 #
b0 .
1;
0:
b0 9
b10 (
b10 -
b10 >
b10110100010 *
#14430000
1$
0!
b1111 #
b1111 .
18
0;
b1111 9
b11 (
b11 -
b11 >
b10110100011 *
#14440000
0!
b1111 #
b1111 .
b1111 9
b100 (
b100 -
b100 >
b10110100100 *
#14450000
0$
0!
b100 #
b100 .
08
b100 9
b101 (
b101 -
b101 >
b10110100101 *
#14460000
1%
0!
b110 #
b110 .
17
b110 9
b110 (
b110 -
b110 >
b10110100110 *
#14470000
1$
1%
0!
b1101 #
b1101 .
18
17
b1101 9
b111 (
b111 -
b111 >
b10110100111 *
#14480000
0$
1%
1!
b0 #
b0 .
08
1;
17
b0 9
b0 (
b0 -
b101 '
b101 ,
b101 =
b0 >
b10110101000 *
#14490000
1"
0!
b110 #
b110 .
0%
0;
1:
b110 9
07
b1 (
b1 -
b1 >
b10110101001 *
#14500000
0"
0!
b1 #
b1 .
0:
b1 9
b10 (
b10 -
b10 >
b10110101010 *
#14510000
1$
0!
b1111 #
b1111 .
18
b1111 9
b11 (
b11 -
b11 >
b10110101011 *
#14520000
0!
b1110 #
b1110 .
b1110 9
b100 (
b100 -
b100 >
b10110101100 *
#14530000
0$
0!
b100 #
b100 .
08
b100 9
b101 (
b101 -
b101 >
b10110101101 *
#14540000
1%
0!
b110 #
b110 .
17
b110 9
b110 (
b110 -
b110 >
b10110101110 *
#14550000
1$
1%
0!
b1101 #
b1101 .
18
17
b1101 9
b111 (
b111 -
b111 >
b10110101111 *
#14560000
0$
1%
0!
b1 #
b1 .
08
17
b1 9
b0 (
b0 -
b110 '
b110 ,
b110 =
b0 >
b10110110000 *
#14570000
1"
0%
0!
b101 #
b101 .
1:
07
b101 9
b1 (
b1 -
b1 >
b10110110001 *
#14580000
0"
0!
b10 #
b10 .
0:
b10 9
b10 (
b10 -
b10 >
b10110110010 *
#14590000
1$
0!
b1111 #
b1111 .
18
b1111 9
b11 (
b11 -
b11 >
b10110110011 *
#14600000
0!
b1101 #
b1101 .
b1101 9
b100 (
b100 -
b100 >
b10110110100 *
#14610000
0$
0!
b100 #
b100 .
08
b100 9
b101 (
b101 -
b101 >
b10110110101 *
#14620000
1%
0!
b110 #
b110 .
17
b110 9
b110 (
b110 -
b110 >
b10110110110 *
#14630000
1$
1%
0!
b1101 #
b1101 .
18
17
b1101 9
b111 (
b111 -
b111 >
b10110110111 *
#14640000
0$
1%
0!
b10 #
b10 .
08
17
b10 9
b0 (
b0 -
b111 '
b111 ,
b111 =
b0 >
b10110111000 *
#14650000
1"
0%
0!
b100 #
b100 .
1:
07
b100 9
b1 (
b1 -
b1 >
b10110111001 *
#14660000
0"
0!
b11 #
b11 .
0:
b11 9
b10 (
b10 -
b10 >
b10110111010 *
#14670000
1$
0!
b1111 #
b1111 .
18
b1111 9
b11 (
b11 -
b11 >
b10110111011 *
#14680000
0!
b1100 #
b1100 .
b1100 9
b100 (
b100 -
b100 >
b10110111100 *
#14690000
0$
0!
b100 #
b100 .
08
b100 9
b101 (
b101 -
b101 >
b10110111101 *
#14700000
1%
0!
b110 #
b110 .
17
b110 9
b110 (
b110 -
b110 >
b10110111110 *
#14710000
1$
1%
0!
b1101 #
b1101 .
18
17
b1101 9
b111 (
b111 -
b111 >
b10110111111 *
#14720000
0$
1"
1%
0!
b11 #
b11 .
08
1:
17
b11 9
b0 (
b0 -
b1000 '
b1000 ,
b1000 =
b0 >
b10111000000 *
#14730000
0"
0%
0!
b11 #
b11 .
0:
07
b11 9
b1 (
b1 -
b1 >
b10111000001 *
#14740000
1$
0!
b1000 #
b1000 .
18
b1000 9
b10 (
b10 -
b10 >
b10111000010 *
#14750000
0!
b1011 #
b1011 .
b1011 9
b11 (
b11 -
b11 >
b10111000011 *
#14760000
0$
0!
b11 #
b11 .
08
b11 9
b100 (
b100 -
b100 >
b10111000100 *
#14770000
0!
b100 #
b100 .
b100 9
b101 (
b101 -
b101 >
b10111000101 *
#14780000
1%
0!
b110 #
b110 .
17
b110 9
b110 (
b110 -
b110 >
b10111000110 *
#14790000
1$
1%
0!
b1101 #
b1101 .
18
17
b1101 9
b111 (
b111 -
b111 >
b10111000111 *
#14800000
0$
1"
1%
0!
b100 #
b100 .
08
1:
17
b100 9
b0 (
b0 -
b1001 '
b1001 ,
b1001 =
b0 >
b10111001000 *
#14810000
0"
0%
0!
b10 #
b10 .
0:
07
b10 9
b1 (
b1 -
b1 >
b10111001001 *
#14820000
1$
0!
b1001 #
b1001 .
18
b1001 9
b10 (
b10 -
b10 >
b10111001010 *
#14830000
0!
b1011 #
b1011 .
b1011 9
b11 (
b11 -
b11 >
b10111001011 *
#14840000
0$
0!
b10 #
b10 .
08
b10 9
b100 (
b100 -
b100 >
b10111001100 *
#14850000
0!
b100 #
b100 .
b100 9
b101 (
b101 -
b101 >
b10111001101 *
#14860000
1%
0!
b110 #
b110 .
17
b110 9
b110 (
b110 -
b110 >
b10111001110 *
#14870000
1$
1%
0!
b1101 #
b1101 .
18
17
b1101 9
b111 (
b111 -
b111 >
b10111001111 *
#14880000
0$
1"
1%
0!
b101 #
b101 .
08
1:
17
b101 9
b0 (
b0 -
b1010 '
b1010 ,
b1010 =
b0 >
b10111010000 *
#14890000
0"
0%
0!
b1 #
b1 .
0:
07
b1 9
b1 (
b1 -
b1 >
b10111010001 *
#14900000
1$
0!
b1010 #
b1010 .
18
b1010 9
b10 (
b10 -
b10 >
b10111010010 *
#14910000
0!
b1011 #
b1011 .
b1011 9
b11 (
b11 -
b11 >
b10111010011 *
#14920000
0$
0!
b1 #
b1 .
08
b1 9
b100 (
b100 -
b100 >
b10111010100 *
#14930000
0!
b100 #
b100 .
b100 9
b101 (
b101 -
b101 >
b10111010101 *
#14940000
1%
0!
b110 #
b110 .
17
b110 9
b110 (
b110 -
b110 >
b10111010110 *
#14950000
1$
1%
0!
b1101 #
b1101 .
18
17
b1101 9
b111 (
b111 -
b111 >
b10111010111 *
#14960000
0$
1"
1%
0!
b110 #
b110 .
08
1:
17
b110 9
b0 (
b0 -
b1011 '
b1011 ,
b1011 =
b0 >
b10111011000 *
#14970000
0"
0%
1!
b0 #
b0 .
1;
0:
07
b0 9
b1 (
b1 -
b1 >
b10111011001 *
#14980000
1$
0!
b1011 #
b1011 .
18
0;
b1011 9
b10 (
b10 -
b10 >
b10111011010 *
#14990000
0!
b1011 #
b1011 .
b1011 9
b11 (
b11 -
b11 >
b10111011011 *
#15000000
0$
1!
b0 #
b0 .
08
1;
b0 9
b100 (
b100 -
b100 >
b10111011100 *
#15010000
0!
b100 #
b100 .
0;
b100 9
b101 (
b101 -
b101 >
b10111011101 *
#15020000
1%
0!
b110 #
b110 .
17
b110 9
b110 (
b110 -
b110 >
b10111011110 *
#15030000
1$
1%
0!
b1101 #
b1101 .
18
17
b1101 9
b111 (
b111 -
b111 >
b10111011111 *
#15040000
0$
1"
1%
0!
b111 #
b111 .
08
1:
17
b111 9
b0 (
b0 -
b1100 '
b1100 ,
b1100 =
b0 >
b10111100000 *
#15050000
1$
0"
1%
0!
b1111 #
b1111 .
18
0:
17
b1111 9
b1 (
b1 -
b1 >
b10111100001 *
#15060000
0%
0!
b1000 #
b1000 .
07
b1000 9
b10 (
b10 -
b10 >
b10111100010 *
#15070000
0!
b1111 #
b1111 .
b1111 9
b11 (
b11 -
b11 >
b10111100011 *
#15080000
0$
0!
b111 #
b111 .
08
b111 9
b100 (
b100 -
b100 >
b10111100100 *
#15090000
0!
b100 #
b100 .
b100 9
b101 (
b101 -
b101 >
b10111100101 *
#15100000
1%
0!
b110 #
b110 .
17
b110 9
b110 (
b110 -
b110 >
b10111100110 *
#15110000
1$
1%
0!
b1101 #
b1101 .
18
17
b1101 9
b111 (
b111 -
b111 >
b10111100111 *
#15120000
1%
0!
b1000 #
b1000 .
17
b1000 9
b0 (
b0 -
b1101 '
b1101 ,
b1101 =
b0 >
b10111101000 *
#15130000
1%
0!
b1110 #
b1110 .
17
b1110 9
b1 (
b1 -
b1 >
b10111101001 *
#15140000
0%
0!
b1001 #
b1001 .
07
b1001 9
b10 (
b10 -
b10 >
b10111101010 *
#15150000
0!
b1111 #
b1111 .
b1111 9
b11 (
b11 -
b11 >
b10111101011 *
#15160000
0$
0!
b110 #
b110 .
08
b110 9
b100 (
b100 -
b100 >
b10111101100 *
#15170000
0!
b100 #
b100 .
b100 9
b101 (
b101 -
b101 >
b10111101101 *
#15180000
1%
0!
b110 #
b110 .
17
b110 9
b110 (
b110 -
b110 >
b10111101110 *
#15190000
1$
1%
0!
b1101 #
b1101 .
18
17
b1101 9
b111 (
b111 -
b111 >
b10111101111 *
#15200000
1%
0!
b1001 #
b1001 .
17
b1001 9
b0 (
b0 -
b1110 '
b1110 ,
b1110 =
b0 >
b10111110000 *
#15210000
1%
0!
b1101 #
b1101 .
17
b1101 9
b1 (
b1 -
b1 >
b10111110001 *
#15220000
0%
0!
b1010 #
b1010 .
07
b1010 9
b10 (
b10 -
b10 >
b10111110010 *
#15230000
0!
b1111 #
b1111 .
b1111 9
b11 (
b11 -
b11 >
b10111110011 *
#15240000
0$
0!
b101 #
b101 .
08
b101 9
b100 (
b100 -
b100 >
b10111110100 *
#15250000
0!
b100 #
b100 .
b100 9
b101 (
b101 -
b101 >
b10111110101 *
#15260000
1%
0!
b110 #
b110 .
17
b110 9
b110 (
b110 -
b110 >
b10111110110 *
#15270000
1$
1%
0!
b1101 #
b1101 .
18
17
b1101 9
b111 (
b111 -
b111 >
b10111110111 *
#15280000
1%
0!
b1010 #
b1010 .
17
b1010 9
b0 (
b0 -
b1111 '
b1111 ,
b1111 =
b0 >
b10111111000 *
#15290000
1%
0!
b1100 #
b1100 .
17
b1100 9
b1 (
b1 -
b1 >
b10111111001 *
#15300000
0%
0!
b1011 #
b1011 .
07
b1011 9
b10 (
b10 -
b10 >
b10111111010 *
#15310000
0!
b1111 #
b1111 .
b1111 9
b11 (
b11 -
b11 >
b10111111011 *
#15320000
0$
0!
b100 #
b100 .
08
b100 9
b100 (
b100 -
b100 >
b10111111100 *
#15330000
0!
b100 #
b100 .
b100 9
b101 (
b101 -
b101 >
b10111111101 *
#15340000
1%
0!
b110 #
b110 .
17
b110 9
b110 (
b110 -
b110 >
b10111111110 *
#15350000
1$
1%
0!
b1101 #
b1101 .
18
17
b1101 9
b111 (
b111 -
b111 >
b10111111111 *
#15360000
0%
0!
b1100 #
b1100 .
07
b1100 9
b0 (
b0 -
b0 '
b0 ,
b1100 &
b1100 +
b1100 <
b0 =
b0 >
b11000000000 *
#15370000
0!
b1100 #
b1100 .
b1100 9
b1 (
b1 -
b1 >
b11000000001 *
#15380000
0$
1!
b0 #
b0 .
08
1;
b0 9
b10 (
b10 -
b10 >
b11000000010 *
#15390000
1$
0!
b1100 #
b1100 .
18
0;
b1100 9
b11 (
b11 -
b11 >
b11000000011 *
#15400000
0!
b1100 #
b1100 .
b1100 9
b100 (
b100 -
b100 >
b11000000100 *
#15410000
0$
0!
b11 #
b11 .
08
b11 9
b101 (
b101 -
b101 >
b11000000101 *
#15420000
1$
1%
0!
b1000 #
b1000 .
18
17
b1000 9
b110 (
b110 -
b110 >
b11000000110 *
#15430000
0%
0!
b1110 #
b1110 .
07
b1110 9
b111 (
b111 -
b111 >
b11000000111 *
#15440000
0!
b1101 #
b1101 .
b1101 9
b0 (
b0 -
b1 '
b1 ,
b1 =
b0 >
b11000001000 *
#15450000
0!
b1011 #
b1011 .
b1011 9
b1 (
b1 -
b1 >
b11000001001 *
#15460000
0$
1!
b0 #
b0 .
08
1;
b0 9
b10 (
b10 -
b10 >
b11000001010 *
#15470000
1$
0!
b1101 #
b1101 .
18
0;
b1101 9
b11 (
b11 -
b11 >
b11000001011 *
#15480000
0!
b1101 #
b1101 .
b1101 9
b100 (
b100 -
b100 >
b11000001100 *
#15490000
0$
0!
b11 #
b11 .
08
b11 9
b101 (
b101 -
b101 >
b11000001101 *
#15500000
1$
1%
0!
b1000 #
b1000 .
18
17
b1000 9
b110 (
b110 -
b110 >
b11000001110 *
#15510000
0%
0!
b1110 #
b1110 .
07
b1110 9
b111 (
b111 -
b111 >
b11000001111 *
#15520000
0!
b1110 #
b1110 .
b1110 9
b0 (
b0 -
b10 '
b10 ,
b10 =
b0 >
b11000010000 *
#15530000
0!
b1010 #
b1010 .
b1010 9
b1 (
b1 -
b1 >
b11000010001 *
#15540000
0$
1!
b0 #
b0 .
08
1;
b0 9
b10 (
b10 -
b10 >
b11000010010 *
#15550000
1$
0!
b1110 #
b1110 .
18
0;
b1110 9
b11 (
b11 -
b11 >
b11000010011 *
#15560000
0!
b1110 #
b1110 .
b1110 9
b100 (
b100 -
b100 >
b11000010100 *
#15570000
0$
0!
b11 #
b11 .
08
b11 9
b101 (
b101 -
b101 >
b11000010101 *
#15580000
1$
1%
0!
b1000 #
b1000 .
18
17
b1000 9
b110 (
b110 -
b110 >
b11000010110 *
#15590000
0%
0!
b1110 #
b1110 .
07
b1110 9
b111 (
b111 -
b111 >
b11000010111 *
#15600000
0!
b1111 #
b1111 .
b1111 9
b0 (
b0 -
b11 '
b11 ,
b11 =
b0 >
b11000011000 *
#15610000
0!
b1001 #
b1001 .
b1001 9
b1 (
b1 -
b1 >
b11000011001 *
#15620000
0$
1!
b0 #
b0 .
08
1;
b0 9
b10 (
b10 -
b10 >
b11000011010 *
#15630000
1$
0!
b1111 #
b1111 .
18
0;
b1111 9
b11 (
b11 -
b11 >
b11000011011 *
#15640000
0!
b1111 #
b1111 .
b1111 9
b100 (
b100 -
b100 >
b11000011100 *
#15650000
0$
0!
b11 #
b11 .
08
b11 9
b101 (
b101 -
b101 >
b11000011101 *
#15660000
1$
1%
0!
b1000 #
b1000 .
18
17
b1000 9
b110 (
b110 -
b110 >
b11000011110 *
#15670000
0%
0!
b1110 #
b1110 .
07
b1110 9
b111 (
b111 -
b111 >
b11000011111 *
#15680000
0$
1%
1!
b0 #
b0 .
08
1;
17
b0 9
b0 (
b0 -
b100 '
b100 ,
b100 =
b0 >
b11000100000 *
#15690000
1$
0!
b1000 #
b1000 .
0%
18
0;
b1000 9
07
b1 (
b1 -
b1 >
b11000100001 *
#15700000
0$
0!
b100 #
b100 .
08
b100 9
b10 (
b10 -
b10 >
b11000100010 *
#15710000
1$
0!
b1100 #
b1100 .
18
b1100 9
b11 (
b11 -
b11 >
b11000100011 *
#15720000
0!
b1000 #
b1000 .
b1000 9
b100 (
b100 -
b100 >
b11000100100 *
#15730000
0$
0!
b11 #
b11 .
08
b11 9
b101 (
b101 -
b101 >
b11000100101 *
#15740000
1$
1%
0!
b1000 #
b1000 .
18
17
b1000 9
b110 (
b110 -
b110 >
b11000100110 *
#15750000
0%
0!
b1110 #
b1110 .
07
b1110 9
b111 (
b111 -
b111 >
b11000100111 *
#15760000
0$
1%
0!
b1 #
b1 .
08
17
b1 9
b0 (
b0 -
b101 '
b101 ,
b101 =
b0 >
b11000101000 *
#15770000
1"
0%
0!
b111 #
b111 .
1:
07
b111 9
b1 (
b1 -
b1 >
b11000101001 *
#15780000
0"
0!
b100 #
b100 .
0:
b100 9
b10 (
b10 -
b10 >
b11000101010 *
#15790000
1$
0!
b1101 #
b1101 .
18
b1101 9
b11 (
b11 -
b11 >
b11000101011 *
#15800000
0!
b1001 #
b1001 .
b1001 9
b100 (
b100 -
b100 >
b11000101100 *
#15810000
0$
0!
b11 #
b11 .
08
b11 9
b101 (
b101 -
b101 >
b11000101101 *
#15820000
1$
1%
0!
b1000 #
b1000 .
18
17
b1000 9
b110 (
b110 -
b110 >
b11000101110 *
#15830000
0%
0!
b1110 #
b1110 .
07
b1110 9
b111 (
b111 -
b111 >
b11000101111 *
#15840000
0$
1%
0!
b10 #
b10 .
08
17
b10 9
b0 (
b0 -
b110 '
b110 ,
b110 =
b0 >
b11000110000 *
#15850000
1"
0%
0!
b110 #
b110 .
1:
07
b110 9
b1 (
b1 -
b1 >
b11000110001 *
#15860000
0"
0!
b100 #
b100 .
0:
b100 9
b10 (
b10 -
b10 >
b11000110010 *
#15870000
1$
0!
b1110 #
b1110 .
18
b1110 9
b11 (
b11 -
b11 >
b11000110011 *
#15880000
0!
b1010 #
b1010 .
b1010 9
b100 (
b100 -
b100 >
b11000110100 *
#15890000
0$
0!
b11 #
b11 .
08
b11 9
b101 (
b101 -
b101 >
b11000110101 *
#15900000
1$
1%
0!
b1000 #
b1000 .
18
17
b1000 9
b110 (
b110 -
b110 >
b11000110110 *
#15910000
0%
0!
b1110 #
b1110 .
07
b1110 9
b111 (
b111 -
b111 >
b11000110111 *
#15920000
0$
1%
0!
b11 #
b11 .
08
17
b11 9
b0 (
b0 -
b111 '
b111 ,
b111 =
b0 >
b11000111000 *
#15930000
1"
0%
0!
b101 #
b101 .
1:
07
b101 9
b1 (
b1 -
b1 >
b11000111001 *
#15940000
0"
0!
b100 #
b100 .
0:
b100 9
b10 (
b10 -
b10 >
b11000111010 *
#15950000
1$
0!
b1111 #
b1111 .
18
b1111 9
b11 (
b11 -
b11 >
b11000111011 *
#15960000
0!
b1011 #
b1011 .
b1011 9
b100 (
b100 -
b100 >
b11000111100 *
#15970000
0$
0!
b11 #
b11 .
08
b11 9
b101 (
b101 -
b101 >
b11000111101 *
#15980000
1$
1%
0!
b1000 #
b1000 .
18
17
b1000 9
b110 (
b110 -
b110 >
b11000111110 *
#15990000
0%
0!
b1110 #
b1110 .
07
b1110 9
b111 (
b111 -
b111 >
b11000111111 *
#16000000
0$
1"
1%
0!
b100 #
b100 .
08
1:
17
b100 9
b0 (
b0 -
b1000 '
b1000 ,
b1000 =
b0 >
b11001000000 *
#16010000
0"
0%
0!
b100 #
b100 .
0:
07
b100 9
b1 (
b1 -
b1 >
b11001000001 *
#16020000
1$
0!
b1000 #
b1000 .
18
b1000 9
b10 (
b10 -
b10 >
b11001000010 *
#16030000
0!
b1100 #
b1100 .
b1100 9
b11 (
b11 -
b11 >
b11001000011 *
#16040000
0$
0!
b100 #
b100 .
08
b100 9
b100 (
b100 -
b100 >
b11001000100 *
#16050000
0!
b11 #
b11 .
b11 9
b101 (
b101 -
b101 >
b11001000101 *
#16060000
1$
1%
0!
b1000 #
b1000 .
18
17
b1000 9
b110 (
b110 -
b110 >
b11001000110 *
#16070000
0%
0!
b1110 #
b1110 .
07
b1110 9
b111 (
b111 -
b111 >
b11001000111 *
#16080000
0$
1"
1%
0!
b101 #
b101 .
08
1:
17
b101 9
b0 (
b0 -
b1001 '
b1001 ,
b1001 =
b0 >
b11001001000 *
#16090000
0"
0%
0!
b11 #
b11 .
0:
07
b11 9
b1 (
b1 -
b1 >
b11001001001 *
#16100000
1$
0!
b1000 #
b1000 .
18
b1000 9
b10 (
b10 -
b10 >
b11001001010 *
#16110000
0!
b1101 #
b1101 .
b1101 9
b11 (
b11 -
b11 >
b11001001011 *
#16120000
0$
0!
b101 #
b101 .
08
b101 9
b100 (
b100 -
b100 >
b11001001100 *
#16130000
0!
b11 #
b11 .
b11 9
b101 (
b101 -
b101 >
b11001001101 *
#16140000
1$
1%
0!
b1000 #
b1000 .
18
17
b1000 9
b110 (
b110 -
b110 >
b11001001110 *
#16150000
0%
0!
b1110 #
b1110 .
07
b1110 9
b111 (
b111 -
b111 >
b11001001111 *
#16160000
0$
1"
1%
0!
b110 #
b110 .
08
1:
17
b110 9
b0 (
b0 -
b1010 '
b1010 ,
b1010 =
b0 >
b11001010000 *
#16170000
0"
0%
0!
b10 #
b10 .
0:
07
b10 9
b1 (
b1 -
b1 >
b11001010001 *
#16180000
1$
0!
b1000 #
b1000 .
18
b1000 9
b10 (
b10 -
b10 >
b11001010010 *
#16190000
0!
b1110 #
b1110 .
b1110 9
b11 (
b11 -
b11 >
b11001010011 *
#16200000
0$
0!
b110 #
b110 .
08
b110 9
b100 (
b100 -
b100 >
b11001010100 *
#16210000
0!
b11 #
b11 .
b11 9
b101 (
b101 -
b101 >
b11001010101 *
#16220000
1$
1%
0!
b1000 #
b1000 .
18
17
b1000 9
b110 (
b110 -
b110 >
b11001010110 *
#16230000
0%
0!
b1110 #
b1110 .
07
b1110 9
b111 (
b111 -
b111 >
b11001010111 *
#16240000
0$
1"
1%
0!
b111 #
b111 .
08
1:
17
b111 9
b0 (
b0 -
b1011 '
b1011 ,
b1011 =
b0 >
b11001011000 *
#16250000
0"
0%
0!
b1 #
b1 .
0:
07
b1 9
b1 (
b1 -
b1 >
b11001011001 *
#16260000
1$
0!
b1000 #
b1000 .
18
b1000 9
b10 (
b10 -
b10 >
b11001011010 *
#16270000
0!
b1111 #
b1111 .
b1111 9
b11 (
b11 -
b11 >
b11001011011 *
#16280000
0$
0!
b111 #
b111 .
08
b111 9
b100 (
b100 -
b100 >
b11001011100 *
#16290000
0!
b11 #
b11 .
b11 9
b101 (
b101 -
b101 >
b11001011101 *
#16300000
1$
1%
0!
b1000 #
b1000 .
18
17
b1000 9
b110 (
b110 -
b110 >
b11001011110 *
#16310000
0%
0!
b1110 #
b1110 .
07
b1110 9
b111 (
b111 -
b111 >
b11001011111 *
#16320000
1%
0!
b1000 #
b1000 .
17
b1000 9
b0 (
b0 -
b1100 '
b1100 ,
b1100 =
b0 >
b11001100000 *
#16330000
0$
0%
1!
b0 #
b0 .
08
1;
07
b0 9
b1 (
b1 -
b1 >
b11001100001 *
#16340000
1$
0!
b1100 #
b1100 .
18
0;
b1100 9
b10 (
b10 -
b10 >
b11001100010 *
#16350000
0!
b1100 #
b1100 .
b1100 9
b11 (
b11 -
b11 >
b11001100011 *
#16360000
0$
1!
b0 #
b0 .
08
1;
b0 9
b100 (
b100 -
b100 >
b11001100100 *
#16370000
0!
b11 #
b11 .
0;
b11 9
b101 (
b101 -
b101 >
b11001100101 *
#16380000
1$
1%
0!
b1000 #
b1000 .
18
17
b1000 9
b110 (
b110 -
b110 >
b11001100110 *
#16390000
0%
0!
b1110 #
b1110 .
07
b1110 9
b111 (
b111 -
b111 >
b11001100111 *
#16400000
1%
0!
b1001 #
b1001 .
17
b1001 9
b0 (
b0 -
b1101 '
b1101 ,
b1101 =
b0 >
b11001101000 *
#16410000
1%
0!
b1111 #
b1111 .
17
b1111 9
b1 (
b1 -
b1 >
b11001101001 *
#16420000
0%
0!
b1100 #
b1100 .
07
b1100 9
b10 (
b10 -
b10 >
b11001101010 *
#16430000
0!
b1101 #
b1101 .
b1101 9
b11 (
b11 -
b11 >
b11001101011 *
#16440000
0$
0!
b1 #
b1 .
08
b1 9
b100 (
b100 -
b100 >
b11001101100 *
#16450000
0!
b11 #
b11 .
b11 9
b101 (
b101 -
b101 >
b11001101101 *
#16460000
1$
1%
0!
b1000 #
b1000 .
18
17
b1000 9
b110 (
b110 -
b110 >
b11001101110 *
#16470000
0%
0!
b1110 #
b1110 .
07
b1110 9
b111 (
b111 -
b111 >
b11001101111 *
#16480000
1%
0!
b1010 #
b1010 .
17
b1010 9
b0 (
b0 -
b1110 '
b1110 ,
b1110 =
b0 >
b11001110000 *
#16490000
1%
0!
b1110 #
b1110 .
17
b1110 9
b1 (
b1 -
b1 >
b11001110001 *
#16500000
0%
0!
b1100 #
b1100 .
07
b1100 9
b10 (
b10 -
b10 >
b11001110010 *
#16510000
0!
b1110 #
b1110 .
b1110 9
b11 (
b11 -
b11 >
b11001110011 *
#16520000
0$
0!
b10 #
b10 .
08
b10 9
b100 (
b100 -
b100 >
b11001110100 *
#16530000
0!
b11 #
b11 .
b11 9
b101 (
b101 -
b101 >
b11001110101 *
#16540000
1$
1%
0!
b1000 #
b1000 .
18
17
b1000 9
b110 (
b110 -
b110 >
b11001110110 *
#16550000
0%
0!
b1110 #
b1110 .
07
b1110 9
b111 (
b111 -
b111 >
b11001110111 *
#16560000
1%
0!
b1011 #
b1011 .
17
b1011 9
b0 (
b0 -
b1111 '
b1111 ,
b1111 =
b0 >
b11001111000 *
#16570000
1%
0!
b1101 #
b1101 .
17
b1101 9
b1 (
b1 -
b1 >
b11001111001 *
#16580000
0%
0!
b1100 #
b1100 .
07
b1100 9
b10 (
b10 -
b10 >
b11001111010 *
#16590000
0!
b1111 #
b1111 .
b1111 9
b11 (
b11 -
b11 >
b11001111011 *
#16600000
0$
0!
b11 #
b11 .
08
b11 9
b100 (
b100 -
b100 >
b11001111100 *
#16610000
0!
b11 #
b11 .
b11 9
b101 (
b101 -
b101 >
b11001111101 *
#16620000
1$
1%
0!
b1000 #
b1000 .
18
17
b1000 9
b110 (
b110 -
b110 >
b11001111110 *
#16630000
0%
0!
b1110 #
b1110 .
07
b1110 9
b111 (
b111 -
b111 >
b11001111111 *
#16640000
0!
b1101 #
b1101 .
b1101 9
b0 (
b0 -
b0 '
b0 ,
b1101 &
b1101 +
b1101 <
b0 =
b0 >
b11010000000 *
#16650000
0!
b1101 #
b1101 .
b1101 9
b1 (
b1 -
b1 >
b11010000001 *
#16660000
0$
1!
b0 #
b0 .
08
1;
b0 9
b10 (
b10 -
b10 >
b11010000010 *
#16670000
1$
0!
b1101 #
b1101 .
18
0;
b1101 9
b11 (
b11 -
b11 >
b11010000011 *
#16680000
0!
b1101 #
b1101 .
b1101 9
b100 (
b100 -
b100 >
b11010000100 *
#16690000
0$
0!
b10 #
b10 .
08
b10 9
b101 (
b101 -
b101 >
b11010000101 *
#16700000
1$
1%
0!
b1010 #
b1010 .
18
17
b1010 9
b110 (
b110 -
b110 >
b11010000110 *
#16710000
1%
0!
b1110 #
b1110 .
17
b1110 9
b111 (
b111 -
b111 >
b11010000111 *
#16720000
0%
0!
b1110 #
b1110 .
07
b1110 9
b0 (
b0 -
b1 '
b1 ,
b1 =
b0 >
b11010001000 *
#16730000
0!
b1100 #
b1100 .
b1100 9
b1 (
b1 -
b1 >
b11010001001 *
#16740000
0$
0!
b1 #
b1 .
08
b1 9
b10 (
b10 -
b10 >
b11010001010 *
#16750000
1$
0!
b1101 #
b1101 .
18
b1101 9
b11 (
b11 -
b11 >
b11010001011 *
#16760000
0!
b1100 #
b1100 .
b1100 9
b100 (
b100 -
b100 >
b11010001100 *
#16770000
0$
0!
b10 #
b10 .
08
b10 9
b101 (
b101 -
b101 >
b11010001101 *
#16780000
1$
1%
0!
b1010 #
b1010 .
18
17
b1010 9
b110 (
b110 -
b110 >
b11010001110 *
#16790000
1%
0!
b1110 #
b1110 .
17
b1110 9
b111 (
b111 -
b111 >
b11010001111 *
#16800000
0%
0!
b1111 #
b1111 .
07
b1111 9
b0 (
b0 -
b10 '
b10 ,
b10 =
b0 >
b11010010000 *
#16810000
0!
b1011 #
b1011 .
b1011 9
b1 (
b1 -
b1 >
b11010010001 *
#16820000
0$
1!
b0 #
b0 .
08
1;
b0 9
b10 (
b10 -
b10 >
b11010010010 *
#16830000
1$
0!
b1111 #
b1111 .
18
0;
b1111 9
b11 (
b11 -
b11 >
b11010010011 *
#16840000
0!
b1111 #
b1111 .
b1111 9
b100 (
b100 -
b100 >
b11010010100 *
#16850000
0$
0!
b10 #
b10 .
08
b10 9
b101 (
b101 -
b101 >
b11010010101 *
#16860000
1$
1%
0!
b1010 #
b1010 .
18
17
b1010 9
b110 (
b110 -
b110 >
b11010010110 *
#16870000
1%
0!
b1110 #
b1110 .
17
b1110 9
b111 (
b111 -
b111 >
b11010010111 *
#16880000
0$
1%
1!
b0 #
b0 .
08
1;
17
b0 9
b0 (
b0 -
b11 '
b11 ,
b11 =
b0 >
b11010011000 *
#16890000
1$
0!
b1010 #
b1010 .
0%
18
0;
b1010 9
07
b1 (
b1 -
b1 >
b11010011001 *
#16900000
0$
0!
b1 #
b1 .
08
b1 9
b10 (
b10 -
b10 >
b11010011010 *
#16910000
1$
0!
b1111 #
b1111 .
18
b1111 9
b11 (
b11 -
b11 >
b11010011011 *
#16920000
0!
b1110 #
b1110 .
b1110 9
b100 (
b100 -
b100 >
b11010011100 *
#16930000
0$
0!
b10 #
b10 .
08
b10 9
b101 (
b101 -
b101 >
b11010011101 *
#16940000
1$
1%
0!
b1010 #
b1010 .
18
17
b1010 9
b110 (
b110 -
b110 >
b11010011110 *
#16950000
1%
0!
b1110 #
b1110 .
17
b1110 9
b111 (
b111 -
b111 >
b11010011111 *
#16960000
0$
1%
0!
b1 #
b1 .
08
17
b1 9
b0 (
b0 -
b100 '
b100 ,
b100 =
b0 >
b11010100000 *
#16970000
1$
0%
0!
b1001 #
b1001 .
18
07
b1001 9
b1 (
b1 -
b1 >
b11010100001 *
#16980000
0$
0!
b100 #
b100 .
08
b100 9
b10 (
b10 -
b10 >
b11010100010 *
#16990000
1$
0!
b1101 #
b1101 .
18
b1101 9
b11 (
b11 -
b11 >
b11010100011 *
#17000000
0!
b1001 #
b1001 .
b1001 9
b100 (
b100 -
b100 >
b11010100100 *
#17010000
0$
0!
b10 #
b10 .
08
b10 9
b101 (
b101 -
b101 >
b11010100101 *
#17020000
1$
1%
0!
b1010 #
b1010 .
18
17
b1010 9
b110 (
b110 -
b110 >
b11010100110 *
#17030000
1%
0!
b1110 #
b1110 .
17
b1110 9
b111 (
b111 -
b111 >
b11010100111 *
#17040000
0$
1%
0!
b10 #
b10 .
08
17
b10 9
b0 (
b0 -
b101 '
b101 ,
b101 =
b0 >
b11010101000 *
#17050000
1$
0%
0!
b1000 #
b1000 .
18
07
b1000 9
b1 (
b1 -
b1 >
b11010101001 *
#17060000
0$
0!
b101 #
b101 .
08
b101 9
b10 (
b10 -
b10 >
b11010101010 *
#17070000
1$
0!
b1101 #
b1101 .
18
b1101 9
b11 (
b11 -
b11 >
b11010101011 *
#17080000
0!
b1000 #
b1000 .
b1000 9
b100 (
b100 -
b100 >
b11010101100 *
#17090000
0$
0!
b10 #
b10 .
08
b10 9
b101 (
b101 -
b101 >
b11010101101 *
#17100000
1$
1%
0!
b1010 #
b1010 .
18
17
b1010 9
b110 (
b110 -
b110 >
b11010101110 *
#17110000
1%
0!
b1110 #
b1110 .
17
b1110 9
b111 (
b111 -
b111 >
b11010101111 *
#17120000
0$
1%
0!
b11 #
b11 .
08
17
b11 9
b0 (
b0 -
b110 '
b110 ,
b110 =
b0 >
b11010110000 *
#17130000
1"
0%
0!
b111 #
b111 .
1:
07
b111 9
b1 (
b1 -
b1 >
b11010110001 *
#17140000
0"
0!
b100 #
b100 .
0:
b100 9
b10 (
b10 -
b10 >
b11010110010 *
#17150000
1$
0!
b1111 #
b1111 .
18
b1111 9
b11 (
b11 -
b11 >
b11010110011 *
#17160000
0!
b1011 #
b1011 .
b1011 9
b100 (
b100 -
b100 >
b11010110100 *
#17170000
0$
0!
b10 #
b10 .
08
b10 9
b101 (
b101 -
b101 >
b11010110101 *
#17180000
1$
1%
0!
b1010 #
b1010 .
18
17
b1010 9
b110 (
b110 -
b110 >
b11010110110 *
#17190000
1%
0!
b1110 #
b1110 .
17
b1110 9
b111 (
b111 -
b111 >
b11010110111 *
#17200000
0$
1%
0!
b100 #
b100 .
08
17
b100 9
b0 (
b0 -
b111 '
b111 ,
b111 =
b0 >
b11010111000 *
#17210000
1"
0%
0!
b110 #
b110 .
1:
07
b110 9
b1 (
b1 -
b1 >
b11010111001 *
#17220000
0"
0!
b101 #
b101 .
0:
b101 9
b10 (
b10 -
b10 >
b11010111010 *
#17230000
1$
0!
b1111 #
b1111 .
18
b1111 9
b11 (
b11 -
b11 >
b11010111011 *
#17240000
0!
b1010 #
b1010 .
b1010 9
b100 (
b100 -
b100 >
b11010111100 *
#17250000
0$
0!
b10 #
b10 .
08
b10 9
b101 (
b101 -
b101 >
b11010111101 *
#17260000
1$
1%
0!
b1010 #
b1010 .
18
17
b1010 9
b110 (
b110 -
b110 >
b11010111110 *
#17270000
1%
0!
b1110 #
b1110 .
17
b1110 9
b111 (
b111 -
b111 >
b11010111111 *
#17280000
0$
1"
1%
0!
b101 #
b101 .
08
1:
17
b101 9
b0 (
b0 -
b1000 '
b1000 ,
b1000 =
b0 >
b11011000000 *
#17290000
0"
0%
0!
b101 #
b101 .
0:
07
b101 9
b1 (
b1 -
b1 >
b11011000001 *
#17300000
1$
0!
b1000 #
b1000 .
18
b1000 9
b10 (
b10 -
b10 >
b11011000010 *
#17310000
0!
b1101 #
b1101 .
b1101 9
b11 (
b11 -
b11 >
b11011000011 *
#17320000
0$
0!
b101 #
b101 .
08
b101 9
b100 (
b100 -
b100 >
b11011000100 *
#17330000
0!
b10 #
b10 .
b10 9
b101 (
b101 -
b101 >
b11011000101 *
#17340000
1$
1%
0!
b1010 #
b1010 .
18
17
b1010 9
b110 (
b110 -
b110 >
b11011000110 *
#17350000
1%
0!
b1110 #
b1110 .
17
b1110 9
b111 (
b111 -
b111 >
b11011000111 *
#17360000
0$
1"
1%
0!
b110 #
b110 .
08
1:
17
b110 9
b0 (
b0 -
b1001 '
b1001 ,
b1001 =
b0 >
b11011001000 *
#17370000
0"
0%
0!
b100 #
b100 .
0:
07
b100 9
b1 (
b1 -
b1 >
b11011001001 *
#17380000
1$
0!
b1001 #
b1001 .
18
b1001 9
b10 (
b10 -
b10 >
b11011001010 *
#17390000
0!
b1101 #
b1101 .
b1101 9
b11 (
b11 -
b11 >
b11011001011 *
#17400000
0$
0!
b100 #
b100 .
08
b100 9
b100 (
b100 -
b100 >
b11011001100 *
#17410000
0!
b10 #
b10 .
b10 9
b101 (
b101 -
b101 >
b11011001101 *
#17420000
1$
1%
0!
b1010 #
b1010 .
18
17
b1010 9
b110 (
b110 -
b110 >
b11011001110 *
#17430000
1%
0!
b1110 #
b1110 .
17
b1110 9
b111 (
b111 -
b111 >
b11011001111 *
#17440000
0$
1"
1%
0!
b111 #
b111 .
08
1:
17
b111 9
b0 (
b0 -
b1010 '
b1010 ,
b1010 =
b0 >
b11011010000 *
#17450000
0"
0%
0!
b11 #
b11 .
0:
07
b11 9
b1 (
b1 -
b1 >
b11011010001 *
#17460000
1$
0!
b1000 #
b1000 .
18
b1000 9
b10 (
b10 -
b10 >
b11011010010 *
#17470000
0!
b1111 #
b1111 .
b1111 9
b11 (
b11 -
b11 >
b11011010011 *
#17480000
0$
0!
b111 #
b111 .
08
b111 9
b100 (
b100 -
b100 >
b11011010100 *
#17490000
0!
b10 #
b10 .
b10 9
b101 (
b101 -
b101 >
b11011010101 *
#17500000
1$
1%
0!
b1010 #
b1010 .
18
17
b1010 9
b110 (
b110 -
b110 >
b11011010110 *
#17510000
1%
0!
b1110 #
b1110 .
17
b1110 9
b111 (
b111 -
b111 >
b11011010111 *
#17520000
1%
0!
b1000 #
b1000 .
17
b1000 9
b0 (
b0 -
b1011 '
b1011 ,
b1011 =
b0 >
b11011011000 *
#17530000
0$
0%
0!
b10 #
b10 .
08
07
b10 9
b1 (
b1 -
b1 >
b11011011001 *
#17540000
1$
0!
b1001 #
b1001 .
18
b1001 9
b10 (
b10 -
b10 >
b11011011010 *
#17550000
0!
b1111 #
b1111 .
b1111 9
b11 (
b11 -
b11 >
b11011011011 *
#17560000
0$
0!
b110 #
b110 .
08
b110 9
b100 (
b100 -
b100 >
b11011011100 *
#17570000
0!
b10 #
b10 .
b10 9
b101 (
b101 -
b101 >
b11011011101 *
#17580000
1$
1%
0!
b1010 #
b1010 .
18
17
b1010 9
b110 (
b110 -
b110 >
b11011011110 *
#17590000
1%
0!
b1110 #
b1110 .
17
b1110 9
b111 (
b111 -
b111 >
b11011011111 *
#17600000
1%
0!
b1001 #
b1001 .
17
b1001 9
b0 (
b0 -
b1100 '
b1100 ,
b1100 =
b0 >
b11011100000 *
#17610000
0$
0%
0!
b1 #
b1 .
08
07
b1 9
b1 (
b1 -
b1 >
b11011100001 *
#17620000
1$
0!
b1100 #
b1100 .
18
b1100 9
b10 (
b10 -
b10 >
b11011100010 *
#17630000
0!
b1101 #
b1101 .
b1101 9
b11 (
b11 -
b11 >
b11011100011 *
#17640000
0$
0!
b1 #
b1 .
08
b1 9
b100 (
b100 -
b100 >
b11011100100 *
#17650000
0!
b10 #
b10 .
b10 9
b101 (
b101 -
b101 >
b11011100101 *
#17660000
1$
1%
0!
b1010 #
b1010 .
18
17
b1010 9
b110 (
b110 -
b110 >
b11011100110 *
#17670000
1%
0!
b1110 #
b1110 .
17
b1110 9
b111 (
b111 -
b111 >
b11011100111 *
#17680000
1%
0!
b1010 #
b1010 .
17
b1010 9
b0 (
b0 -
b1101 '
b1101 ,
b1101 =
b0 >
b11011101000 *
#17690000
0$
0%
1!
b0 #
b0 .
08
1;
07
b0 9
b1 (
b1 -
b1 >
b11011101001 *
#17700000
1$
0!
b1101 #
b1101 .
18
0;
b1101 9
b10 (
b10 -
b10 >
b11011101010 *
#17710000
0!
b1101 #
b1101 .
b1101 9
b11 (
b11 -
b11 >
b11011101011 *
#17720000
0$
1!
b0 #
b0 .
08
1;
b0 9
b100 (
b100 -
b100 >
b11011101100 *
#17730000
0!
b10 #
b10 .
0;
b10 9
b101 (
b101 -
b101 >
b11011101101 *
#17740000
1$
1%
0!
b1010 #
b1010 .
18
17
b1010 9
b110 (
b110 -
b110 >
b11011101110 *
#17750000
1%
0!
b1110 #
b1110 .
17
b1110 9
b111 (
b111 -
b111 >
b11011101111 *
#17760000
1%
0!
b1011 #
b1011 .
17
b1011 9
b0 (
b0 -
b1110 '
b1110 ,
b1110 =
b0 >
b11011110000 *
#17770000
1%
0!
b1111 #
b1111 .
17
b1111 9
b1 (
b1 -
b1 >
b11011110001 *
#17780000
0%
0!
b1100 #
b1100 .
07
b1100 9
b10 (
b10 -
b10 >
b11011110010 *
#17790000
0!
b1111 #
b1111 .
b1111 9
b11 (
b11 -
b11 >
b11011110011 *
#17800000
0$
0!
b11 #
b11 .
08
b11 9
b100 (
b100 -
b100 >
b11011110100 *
#17810000
0!
b10 #
b10 .
b10 9
b101 (
b101 -
b101 >
b11011110101 *
#17820000
1$
1%
0!
b1010 #
b1010 .
18
17
b1010 9
b110 (
b110 -
b110 >
b11011110110 *
#17830000
1%
0!
b1110 #
b1110 .
17
b1110 9
b111 (
b111 -
b111 >
b11011110111 *
#17840000
1%
0!
b1100 #
b1100 .
17
b1100 9
b0 (
b0 -
b1111 '
b1111 ,
b1111 =
b0 >
b11011111000 *
#17850000
1%
0!
b1110 #
b1110 .
17
b1110 9
b1 (
b1 -
b1 >
b11011111001 *
#17860000
0%
0!
b1101 #
b1101 .
07
b1101 9
b10 (
b10 -
b10 >
b11011111010 *
#17870000
0!
b1111 #
b1111 .
b1111 9
b11 (
b11 -
b11 >
b11011111011 *
#17880000
0$
0!
b10 #
b10 .
08
b10 9
b100 (
b100 -
b100 >
b11011111100 *
#17890000
0!
b10 #
b10 .
b10 9
b101 (
b101 -
b101 >
b11011111101 *
#17900000
1$
1%
0!
b1010 #
b1010 .
18
17
b1010 9
b110 (
b110 -
b110 >
b11011111110 *
#17910000
1%
0!
b1110 #
b1110 .
17
b1110 9
b111 (
b111 -
b111 >
b11011111111 *
#17920000
0%
0!
b1110 #
b1110 .
07
b1110 9
b0 (
b0 -
b0 '
b0 ,
b1110 &
b1110 +
b1110 <
b0 =
b0 >
b11100000000 *
#17930000
0!
b1110 #
b1110 .
b1110 9
b1 (
b1 -
b1 >
b11100000001 *
#17940000
0$
1!
b0 #
b0 .
08
1;
b0 9
b10 (
b10 -
b10 >
b11100000010 *
#17950000
1$
0!
b1110 #
b1110 .
18
0;
b1110 9
b11 (
b11 -
b11 >
b11100000011 *
#17960000
0!
b1110 #
b1110 .
b1110 9
b100 (
b100 -
b100 >
b11100000100 *
#17970000
0$
0!
b1 #
b1 .
08
b1 9
b101 (
b101 -
b101 >
b11100000101 *
#17980000
1$
1%
0!
b1100 #
b1100 .
18
17
b1100 9
b110 (
b110 -
b110 >
b11100000110 *
#17990000
0%
0!
b1111 #
b1111 .
07
b1111 9
b111 (
b111 -
b111 >
b11100000111 *
#18000000
0!
b1111 #
b1111 .
b1111 9
b0 (
b0 -
b1 '
b1 ,
b1 =
b0 >
b11100001000 *
#18010000
0!
b1101 #
b1101 .
b1101 9
b1 (
b1 -
b1 >
b11100001001 *
#18020000
0$
1!
b0 #
b0 .
08
1;
b0 9
b10 (
b10 -
b10 >
b11100001010 *
#18030000
1$
0!
b1111 #
b1111 .
18
0;
b1111 9
b11 (
b11 -
b11 >
b11100001011 *
#18040000
0!
b1111 #
b1111 .
b1111 9
b100 (
b100 -
b100 >
b11100001100 *
#18050000
0$
0!
b1 #
b1 .
08
b1 9
b101 (
b101 -
b101 >
b11100001101 *
#18060000
1$
1%
0!
b1100 #
b1100 .
18
17
b1100 9
b110 (
b110 -
b110 >
b11100001110 *
#18070000
0%
0!
b1111 #
b1111 .
07
b1111 9
b111 (
b111 -
b111 >
b11100001111 *
#18080000
0$
1%
1!
b0 #
b0 .
08
1;
17
b0 9
b0 (
b0 -
b10 '
b10 ,
b10 =
b0 >
b11100010000 *
#18090000
1$
0!
b1100 #
b1100 .
0%
18
0;
b1100 9
07
b1 (
b1 -
b1 >
b11100010001 *
#18100000
0$
0!
b10 #
b10 .
08
b10 9
b10 (
b10 -
b10 >
b11100010010 *
#18110000
1$
0!
b1110 #
b1110 .
18
b1110 9
b11 (
b11 -
b11 >
b11100010011 *
#18120000
0!
b1100 #
b1100 .
b1100 9
b100 (
b100 -
b100 >
b11100010100 *
#18130000
0$
0!
b1 #
b1 .
08
b1 9
b101 (
b101 -
b101 >
b11100010101 *
#18140000
1$
1%
0!
b1100 #
b1100 .
18
17
b1100 9
b110 (
b110 -
b110 >
b11100010110 *
#18150000
0%
0!
b1111 #
b1111 .
07
b1111 9
b111 (
b111 -
b111 >
b11100010111 *
#18160000
0$
1%
0!
b1 #
b1 .
08
17
b1 9
b0 (
b0 -
b11 '
b11 ,
b11 =
b0 >
b11100011000 *
#18170000
1$
0%
0!
b1011 #
b1011 .
18
07
b1011 9
b1 (
b1 -
b1 >
b11100011001 *
#18180000
0$
0!
b10 #
b10 .
08
b10 9
b10 (
b10 -
b10 >
b11100011010 *
#18190000
1$
0!
b1111 #
b1111 .
18
b1111 9
b11 (
b11 -
b11 >
b11100011011 *
#18200000
0!
b1101 #
b1101 .
b1101 9
b100 (
b100 -
b100 >
b11100011100 *
#18210000
0$
0!
b1 #
b1 .
08
b1 9
b101 (
b101 -
b101 >
b11100011101 *
#18220000
1$
1%
0!
b1100 #
b1100 .
18
17
b1100 9
b110 (
b110 -
b110 >
b11100011110 *
#18230000
0%
0!
b1111 #
b1111 .
07
b1111 9
b111 (
b111 -
b111 >
b11100011111 *
#18240000
0$
1%
0!
b10 #
b10 .
08
17
b10 9
b0 (
b0 -
b100 '
b100 ,
b100 =
b0 >
b11100100000 *
#18250000
1$
0%
0!
b1010 #
b1010 .
18
07
b1010 9
b1 (
b1 -
b1 >
b11100100001 *
#18260000
0$
0!
b100 #
b100 .
08
b100 9
b10 (
b10 -
b10 >
b11100100010 *
#18270000
1$
0!
b1110 #
b1110 .
18
b1110 9
b11 (
b11 -
b11 >
b11100100011 *
#18280000
0!
b1010 #
b1010 .
b1010 9
b100 (
b100 -
b100 >
b11100100100 *
#18290000
0$
0!
b1 #
b1 .
08
b1 9
b101 (
b101 -
b101 >
b11100100101 *
#18300000
1$
1%
0!
b1100 #
b1100 .
18
17
b1100 9
b110 (
b110 -
b110 >
b11100100110 *
#18310000
0%
0!
b1111 #
b1111 .
07
b1111 9
b111 (
b111 -
b111 >
b11100100111 *
#18320000
0$
1%
0!
b11 #
b11 .
08
17
b11 9
b0 (
b0 -
b101 '
b101 ,
b101 =
b0 >
b11100101000 *
#18330000
1$
0%
0!
b1001 #
b1001 .
18
07
b1001 9
b1 (
b1 -
b1 >
b11100101001 *
#18340000
0$
0!
b100 #
b100 .
08
b100 9
b10 (
b10 -
b10 >
b11100101010 *
#18350000
1$
0!
b1111 #
b1111 .
18
b1111 9
b11 (
b11 -
b11 >
b11100101011 *
#18360000
0!
b1011 #
b1011 .
b1011 9
b100 (
b100 -
b100 >
b11100101100 *
#18370000
0$
0!
b1 #
b1 .
08
b1 9
b101 (
b101 -
b101 >
b11100101101 *
#18380000
1$
1%
0!
b1100 #
b1100 .
18
17
b1100 9
b110 (
b110 -
b110 >
b11100101110 *
#18390000
0%
0!
b1111 #
b1111 .
07
b1111 9
b111 (
b111 -
b111 >
b11100101111 *
#18400000
0$
1%
0!
b100 #
b100 .
08
17
b100 9
b0 (
b0 -
b110 '
b110 ,
b110 =
b0 >
b11100110000 *
#18410000
1$
0%
0!
b1000 #
b1000 .
18
07
b1000 9
b1 (
b1 -
b1 >
b11100110001 *
#18420000
0$
0!
b110 #
b110 .
08
b110 9
b10 (
b10 -
b10 >
b11100110010 *
#18430000
1$
0!
b1110 #
b1110 .
18
b1110 9
b11 (
b11 -
b11 >
b11100110011 *
#18440000
0!
b1000 #
b1000 .
b1000 9
b100 (
b100 -
b100 >
b11100110100 *
#18450000
0$
0!
b1 #
b1 .
08
b1 9
b101 (
b101 -
b101 >
b11100110101 *
#18460000
1$
1%
0!
b1100 #
b1100 .
18
17
b1100 9
b110 (
b110 -
b110 >
b11100110110 *
#18470000
0%
0!
b1111 #
b1111 .
07
b1111 9
b111 (
b111 -
b111 >
b11100110111 *
#18480000
0$
1%
0!
b101 #
b101 .
08
17
b101 9
b0 (
b0 -
b111 '
b111 ,
b111 =
b0 >
b11100111000 *
#18490000
1"
0%
0!
b111 #
b111 .
1:
07
b111 9
b1 (
b1 -
b1 >
b11100111001 *
#18500000
0"
0!
b110 #
b110 .
0:
b110 9
b10 (
b10 -
b10 >
b11100111010 *
#18510000
1$
0!
b1111 #
b1111 .
18
b1111 9
b11 (
b11 -
b11 >
b11100111011 *
#18520000
0!
b1001 #
b1001 .
b1001 9
b100 (
b100 -
b100 >
b11100111100 *
#18530000
0$
0!
b1 #
b1 .
08
b1 9
b101 (
b101 -
b101 >
b11100111101 *
#18540000
1$
1%
0!
b1100 #
b1100 .
18
17
b1100 9
b110 (
b110 -
b110 >
b11100111110 *
#18550000
0%
0!
b1111 #
b1111 .
07
b1111 9
b111 (
b111 -
b111 >
b11100111111 *
#18560000
0$
1"
1%
0!
b110 #
b110 .
08
1:
17
b110 9
b0 (
b0 -
b1000 '
b1000 ,
b1000 =
b0 >
b11101000000 *
#18570000
0"
0%
0!
b110 #
b110 .
0:
07
b110 9
b1 (
b1 -
b1 >
b11101000001 *
#18580000
1$
0!
b1000 #
b1000 .
18
b1000 9
b10 (
b10 -
b10 >
b11101000010 *
#18590000
0!
b1110 #
b1110 .
b1110 9
b11 (
b11 -
b11 >
b11101000011 *
#18600000
0$
0!
b110 #
b110 .
08
b110 9
b100 (
b100 -
b100 >
b11101000100 *
#18610000
0!
b1 #
b1 .
b1 9
b101 (
b101 -
b101 >
b11101000101 *
#18620000
1$
1%
0!
b1100 #
b1100 .
18
17
b1100 9
b110 (
b110 -
b110 >
b11101000110 *
#18630000
0%
0!
b1111 #
b1111 .
07
b1111 9
b111 (
b111 -
b111 >
b11101000111 *
#18640000
0$
1"
1%
0!
b111 #
b111 .
08
1:
17
b111 9
b0 (
b0 -
b1001 '
b1001 ,
b1001 =
b0 >
b11101001000 *
#18650000
0"
0%
0!
b101 #
b101 .
0:
07
b101 9
b1 (
b1 -
b1 >
b11101001001 *
#18660000
1$
0!
b1000 #
b1000 .
18
b1000 9
b10 (
b10 -
b10 >
b11101001010 *
#18670000
0!
b1111 #
b1111 .
b1111 9
b11 (
b11 -
b11 >
b11101001011 *
#18680000
0$
0!
b111 #
b111 .
08
b111 9
b100 (
b100 -
b100 >
b11101001100 *
#18690000
0!
b1 #
b1 .
b1 9
b101 (
b101 -
b101 >
b11101001101 *
#18700000
1$
1%
0!
b1100 #
b1100 .
18
17
b1100 9
b110 (
b110 -
b110 >
b11101001110 *
#18710000
0%
0!
b1111 #
b1111 .
07
b1111 9
b111 (
b111 -
b111 >
b11101001111 *
#18720000
1%
0!
b1000 #
b1000 .
17
b1000 9
b0 (
b0 -
b1010 '
b1010 ,
b1010 =
b0 >
b11101010000 *
#18730000
0$
0%
0!
b100 #
b100 .
08
07
b100 9
b1 (
b1 -
b1 >
b11101010001 *
#18740000
1$
0!
b1010 #
b1010 .
18
b1010 9
b10 (
b10 -
b10 >
b11101010010 *
#18750000
0!
b1110 #
b1110 .
b1110 9
b11 (
b11 -
b11 >
b11101010011 *
#18760000
0$
0!
b100 #
b100 .
08
b100 9
b100 (
b100 -
b100 >
b11101010100 *
#18770000
0!
b1 #
b1 .
b1 9
b101 (
b101 -
b101 >
b11101010101 *
#18780000
1$
1%
0!
b1100 #
b1100 .
18
17
b1100 9
b110 (
b110 -
b110 >
b11101010110 *
#18790000
0%
0!
b1111 #
b1111 .
07
b1111 9
b111 (
b111 -
b111 >
b11101010111 *
#18800000
1%
0!
b1001 #
b1001 .
17
b1001 9
b0 (
b0 -
b1011 '
b1011 ,
b1011 =
b0 >
b11101011000 *
#18810000
0$
0%
0!
b11 #
b11 .
08
07
b11 9
b1 (
b1 -
b1 >
b11101011001 *
#18820000
1$
0!
b1010 #
b1010 .
18
b1010 9
b10 (
b10 -
b10 >
b11101011010 *
#18830000
0!
b1111 #
b1111 .
b1111 9
b11 (
b11 -
b11 >
b11101011011 *
#18840000
0$
0!
b101 #
b101 .
08
b101 9
b100 (
b100 -
b100 >
b11101011100 *
#18850000
0!
b1 #
b1 .
b1 9
b101 (
b101 -
b101 >
b11101011101 *
#18860000
1$
1%
0!
b1100 #
b1100 .
18
17
b1100 9
b110 (
b110 -
b110 >
b11101011110 *
#18870000
0%
0!
b1111 #
b1111 .
07
b1111 9
b111 (
b111 -
b111 >
b11101011111 *
#18880000
1%
0!
b1010 #
b1010 .
17
b1010 9
b0 (
b0 -
b1100 '
b1100 ,
b1100 =
b0 >
b11101100000 *
#18890000
0$
0%
0!
b10 #
b10 .
08
07
b10 9
b1 (
b1 -
b1 >
b11101100001 *
#18900000
1$
0!
b1100 #
b1100 .
18
b1100 9
b10 (
b10 -
b10 >
b11101100010 *
#18910000
0!
b1110 #
b1110 .
b1110 9
b11 (
b11 -
b11 >
b11101100011 *
#18920000
0$
0!
b10 #
b10 .
08
b10 9
b100 (
b100 -
b100 >
b11101100100 *
#18930000
0!
b1 #
b1 .
b1 9
b101 (
b101 -
b101 >
b11101100101 *
#18940000
1$
1%
0!
b1100 #
b1100 .
18
17
b1100 9
b110 (
b110 -
b110 >
b11101100110 *
#18950000
0%
0!
b1111 #
b1111 .
07
b1111 9
b111 (
b111 -
b111 >
b11101100111 *
#18960000
1%
0!
b1011 #
b1011 .
17
b1011 9
b0 (
b0 -
b1101 '
b1101 ,
b1101 =
b0 >
b11101101000 *
#18970000
0$
0%
0!
b1 #
b1 .
08
07
b1 9
b1 (
b1 -
b1 >
b11101101001 *
#18980000
1$
0!
b1100 #
b1100 .
18
b1100 9
b10 (
b10 -
b10 >
b11101101010 *
#18990000
0!
b1111 #
b1111 .
b1111 9
b11 (
b11 -
b11 >
b11101101011 *
#19000000
0$
0!
b11 #
b11 .
08
b11 9
b100 (
b100 -
b100 >
b11101101100 *
#19010000
0!
b1 #
b1 .
b1 9
b101 (
b101 -
b101 >
b11101101101 *
#19020000
1$
1%
0!
b1100 #
b1100 .
18
17
b1100 9
b110 (
b110 -
b110 >
b11101101110 *
#19030000
0%
0!
b1111 #
b1111 .
07
b1111 9
b111 (
b111 -
b111 >
b11101101111 *
#19040000
1%
0!
b1100 #
b1100 .
17
b1100 9
b0 (
b0 -
b1110 '
b1110 ,
b1110 =
b0 >
b11101110000 *
#19050000
0$
0%
1!
b0 #
b0 .
08
1;
07
b0 9
b1 (
b1 -
b1 >
b11101110001 *
#19060000
1$
0!
b1110 #
b1110 .
18
0;
b1110 9
b10 (
b10 -
b10 >
b11101110010 *
#19070000
0!
b1110 #
b1110 .
b1110 9
b11 (
b11 -
b11 >
b11101110011 *
#19080000
0$
1!
b0 #
b0 .
08
1;
b0 9
b100 (
b100 -
b100 >
b11101110100 *
#19090000
0!
b1 #
b1 .
0;
b1 9
b101 (
b101 -
b101 >
b11101110101 *
#19100000
1$
1%
0!
b1100 #
b1100 .
18
17
b1100 9
b110 (
b110 -
b110 >
b11101110110 *
#19110000
0%
0!
b1111 #
b1111 .
07
b1111 9
b111 (
b111 -
b111 >
b11101110111 *
#19120000
1%
0!
b1101 #
b1101 .
17
b1101 9
b0 (
b0 -
b1111 '
b1111 ,
b1111 =
b0 >
b11101111000 *
#19130000
1%
0!
b1111 #
b1111 .
17
b1111 9
b1 (
b1 -
b1 >
b11101111001 *
#19140000
0%
0!
b1110 #
b1110 .
07
b1110 9
b10 (
b10 -
b10 >
b11101111010 *
#19150000
0!
b1111 #
b1111 .
b1111 9
b11 (
b11 -
b11 >
b11101111011 *
#19160000
0$
0!
b1 #
b1 .
08
b1 9
b100 (
b100 -
b100 >
b11101111100 *
#19170000
0!
b1 #
b1 .
b1 9
b101 (
b101 -
b101 >
b11101111101 *
#19180000
1$
1%
0!
b1100 #
b1100 .
18
17
b1100 9
b110 (
b110 -
b110 >
b11101111110 *
#19190000
0%
0!
b1111 #
b1111 .
07
b1111 9
b111 (
b111 -
b111 >
b11101111111 *
#19200000
0!
b1111 #
b1111 .
b1111 9
b0 (
b0 -
b0 '
b0 ,
b1111 &
b1111 +
b1111 <
b0 =
b0 >
b11110000000 *
#19210000
0!
b1111 #
b1111 .
b1111 9
b1 (
b1 -
b1 >
b11110000001 *
#19220000
0$
1!
b0 #
b0 .
08
1;
b0 9
b10 (
b10 -
b10 >
b11110000010 *
#19230000
1$
0!
b1111 #
b1111 .
18
0;
b1111 9
b11 (
b11 -
b11 >
b11110000011 *
#19240000
0!
b1111 #
b1111 .
b1111 9
b100 (
b100 -
b100 >
b11110000100 *
#19250000
0$
1!
b0 #
b0 .
08
1;
b0 9
b101 (
b101 -
b101 >
b11110000101 *
#19260000
1$
1%
0!
b1110 #
b1110 .
18
0;
17
b1110 9
b110 (
b110 -
b110 >
b11110000110 *
#19270000
1%
0!
b1111 #
b1111 .
17
b1111 9
b111 (
b111 -
b111 >
b11110000111 *
#19280000
0$
1%
1!
b0 #
b0 .
08
1;
17
b0 9
b0 (
b0 -
b1 '
b1 ,
b1 =
b0 >
b11110001000 *
#19290000
1$
0!
b1110 #
b1110 .
0%
18
0;
b1110 9
07
b1 (
b1 -
b1 >
b11110001001 *
#19300000
0$
0!
b1 #
b1 .
08
b1 9
b10 (
b10 -
b10 >
b11110001010 *
#19310000
1$
0!
b1111 #
b1111 .
18
b1111 9
b11 (
b11 -
b11 >
b11110001011 *
#19320000
0!
b1110 #
b1110 .
b1110 9
b100 (
b100 -
b100 >
b11110001100 *
#19330000
0$
1!
b0 #
b0 .
08
1;
b0 9
b101 (
b101 -
b101 >
b11110001101 *
#19340000
1$
1%
0!
b1110 #
b1110 .
18
0;
17
b1110 9
b110 (
b110 -
b110 >
b11110001110 *
#19350000
1%
0!
b1111 #
b1111 .
17
b1111 9
b111 (
b111 -
b111 >
b11110001111 *
#19360000
0$
1%
0!
b1 #
b1 .
08
17
b1 9
b0 (
b0 -
b10 '
b10 ,
b10 =
b0 >
b11110010000 *
#19370000
1$
0%
0!
b1101 #
b1101 .
18
07
b1101 9
b1 (
b1 -
b1 >
b11110010001 *
#19380000
0$
0!
b10 #
b10 .
08
b10 9
b10 (
b10 -
b10 >
b11110010010 *
#19390000
1$
0!
b1111 #
b1111 .
18
b1111 9
b11 (
b11 -
b11 >
b11110010011 *
#19400000
0!
b1101 #
b1101 .
b1101 9
b100 (
b100 -
b100 >
b11110010100 *
#19410000
0$
1!
b0 #
b0 .
08
1;
b0 9
b101 (
b101 -
b101 >
b11110010101 *
#19420000
1$
1%
0!
b1110 #
b1110 .
18
0;
17
b1110 9
b110 (
b110 -
b110 >
b11110010110 *
#19430000
1%
0!
b1111 #
b1111 .
17
b1111 9
b111 (
b111 -
b111 >
b11110010111 *
#19440000
0$
1%
0!
b10 #
b10 .
08
17
b10 9
b0 (
b0 -
b11 '
b11 ,
b11 =
b0 >
b11110011000 *
#19450000
1$
0%
0!
b1100 #
b1100 .
18
07
b1100 9
b1 (
b1 -
b1 >
b11110011001 *
#19460000
0$
0!
b11 #
b11 .
08
b11 9
b10 (
b10 -
b10 >
b11110011010 *
#19470000
1$
0!
b1111 #
b1111 .
18
b1111 9
b11 (
b11 -
b11 >
b11110011011 *
#19480000
0!
b1100 #
b1100 .
b1100 9
b100 (
b100 -
b100 >
b11110011100 *
#19490000
0$
1!
b0 #
b0 .
08
1;
b0 9
b101 (
b101 -
b101 >
b11110011101 *
#19500000
1$
1%
0!
b1110 #
b1110 .
18
0;
17
b1110 9
b110 (
b110 -
b110 >
b11110011110 *
#19510000
1%
0!
b1111 #
b1111 .
17
b1111 9
b111 (
b111 -
b111 >
b11110011111 *
#19520000
0$
1%
0!
b11 #
b11 .
08
17
b11 9
b0 (
b0 -
b100 '
b100 ,
b100 =
b0 >
b11110100000 *
#19530000
1$
0%
0!
b1011 #
b1011 .
18
07
b1011 9
b1 (
b1 -
b1 >
b11110100001 *
#19540000
0$
0!
b100 #
b100 .
08
b100 9
b10 (
b10 -
b10 >
b11110100010 *
#19550000
1$
0!
b1111 #
b1111 .
18
b1111 9
b11 (
b11 -
b11 >
b11110100011 *
#19560000
0!
b1011 #
b1011 .
b1011 9
b100 (
b100 -
b100 >
b11110100100 *
#19570000
0$
1!
b0 #
b0 .
08
1;
b0 9
b101 (
b101 -
b101 >
b11110100101 *
#19580000
1$
1%
0!
b1110 #
b1110 .
18
0;
17
b1110 9
b110 (
b110 -
b110 >
b11110100110 *
#19590000
1%
0!
b1111 #
b1111 .
17
b1111 9
b111 (
b111 -
b111 >
b11110100111 *
#19600000
0$
1%
0!
b100 #
b100 .
08
17
b100 9
b0 (
b0 -
b101 '
b101 ,
b101 =
b0 >
b11110101000 *
#19610000
1$
0%
0!
b1010 #
b1010 .
18
07
b1010 9
b1 (
b1 -
b1 >
b11110101001 *
#19620000
0$
0!
b101 #
b101 .
08
b101 9
b10 (
b10 -
b10 >
b11110101010 *
#19630000
1$
0!
b1111 #
b1111 .
18
b1111 9
b11 (
b11 -
b11 >
b11110101011 *
#19640000
0!
b1010 #
b1010 .
b1010 9
b100 (
b100 -
b100 >
b11110101100 *
#19650000
0$
1!
b0 #
b0 .
08
1;
b0 9
b101 (
b101 -
b101 >
b11110101101 *
#19660000
1$
1%
0!
b1110 #
b1110 .
18
0;
17
b1110 9
b110 (
b110 -
b110 >
b11110101110 *
#19670000
1%
0!
b1111 #
b1111 .
17
b1111 9
b111 (
b111 -
b111 >
b11110101111 *
#19680000
0$
1%
0!
b101 #
b101 .
08
17
b101 9
b0 (
b0 -
b110 '
b110 ,
b110 =
b0 >
b11110110000 *
#19690000
1$
0%
0!
b1001 #
b1001 .
18
07
b1001 9
b1 (
b1 -
b1 >
b11110110001 *
#19700000
0$
0!
b110 #
b110 .
08
b110 9
b10 (
b10 -
b10 >
b11110110010 *
#19710000
1$
0!
b1111 #
b1111 .
18
b1111 9
b11 (
b11 -
b11 >
b11110110011 *
#19720000
0!
b1001 #
b1001 .
b1001 9
b100 (
b100 -
b100 >
b11110110100 *
#19730000
0$
1!
b0 #
b0 .
08
1;
b0 9
b101 (
b101 -
b101 >
b11110110101 *
#19740000
1$
1%
0!
b1110 #
b1110 .
18
0;
17
b1110 9
b110 (
b110 -
b110 >
b11110110110 *
#19750000
1%
0!
b1111 #
b1111 .
17
b1111 9
b111 (
b111 -
b111 >
b11110110111 *
#19760000
0$
1%
0!
b110 #
b110 .
08
17
b110 9
b0 (
b0 -
b111 '
b111 ,
b111 =
b0 >
b11110111000 *
#19770000
1$
0%
0!
b1000 #
b1000 .
18
07
b1000 9
b1 (
b1 -
b1 >
b11110111001 *
#19780000
0$
0!
b111 #
b111 .
08
b111 9
b10 (
b10 -
b10 >
b11110111010 *
#19790000
1$
0!
b1111 #
b1111 .
18
b1111 9
b11 (
b11 -
b11 >
b11110111011 *
#19800000
0!
b1000 #
b1000 .
b1000 9
b100 (
b100 -
b100 >
b11110111100 *
#19810000
0$
1!
b0 #
b0 .
08
1;
b0 9
b101 (
b101 -
b101 >
b11110111101 *
#19820000
1$
1%
0!
b1110 #
b1110 .
18
0;
17
b1110 9
b110 (
b110 -
b110 >
b11110111110 *
#19830000
1%
0!
b1111 #
b1111 .
17
b1111 9
b111 (
b111 -
b111 >
b11110111111 *
#19840000
0$
1"
1%
0!
b111 #
b111 .
08
1:
17
b111 9
b0 (
b0 -
b1000 '
b1000 ,
b1000 =
b0 >
b11111000000 *
#19850000
0"
0%
0!
b111 #
b111 .
0:
07
b111 9
b1 (
b1 -
b1 >
b11111000001 *
#19860000
1$
0!
b1000 #
b1000 .
18
b1000 9
b10 (
b10 -
b10 >
b11111000010 *
#19870000
0!
b1111 #
b1111 .
b1111 9
b11 (
b11 -
b11 >
b11111000011 *
#19880000
0$
0!
b111 #
b111 .
08
b111 9
b100 (
b100 -
b100 >
b11111000100 *
#19890000
1!
b0 #
b0 .
1;
b0 9
b101 (
b101 -
b101 >
b11111000101 *
#19900000
1$
1%
0!
b1110 #
b1110 .
18
0;
17
b1110 9
b110 (
b110 -
b110 >
b11111000110 *
#19910000
1%
0!
b1111 #
b1111 .
17
b1111 9
b111 (
b111 -
b111 >
b11111000111 *
#19920000
1%
0!
b1000 #
b1000 .
17
b1000 9
b0 (
b0 -
b1001 '
b1001 ,
b1001 =
b0 >
b11111001000 *
#19930000
0$
0%
0!
b110 #
b110 .
08
07
b110 9
b1 (
b1 -
b1 >
b11111001001 *
#19940000
1$
0!
b1001 #
b1001 .
18
b1001 9
b10 (
b10 -
b10 >
b11111001010 *
#19950000
0!
b1111 #
b1111 .
b1111 9
b11 (
b11 -
b11 >
b11111001011 *
#19960000
0$
0!
b110 #
b110 .
08
b110 9
b100 (
b100 -
b100 >
b11111001100 *
#19970000
1!
b0 #
b0 .
1;
b0 9
b101 (
b101 -
b101 >
b11111001101 *
#19980000
1$
1%
0!
b1110 #
b1110 .
18
0;
17
b1110 9
b110 (
b110 -
b110 >
b11111001110 *
#19990000
1%
0!
b1111 #
b1111 .
17
b1111 9
b111 (
b111 -
b111 >
b11111001111 *
#20000000
1%
0!
b1001 #
b1001 .
17
b1001 9
b0 (
b0 -
b1010 '
b1010 ,
b1010 =
b0 >
b11111010000 *
#20010000
0$
0%
0!
b101 #
b101 .
08
07
b101 9
b1 (
b1 -
b1 >
b11111010001 *
#20020000
1$
0!
b1010 #
b1010 .
18
b1010 9
b10 (
b10 -
b10 >
b11111010010 *
#20030000
0!
b1111 #
b1111 .
b1111 9
b11 (
b11 -
b11 >
b11111010011 *
#20040000
0$
0!
b101 #
b101 .
08
b101 9
b100 (
b100 -
b100 >
b11111010100 *
#20050000
1!
b0 #
b0 .
1;
b0 9
b101 (
b101 -
b101 >
b11111010101 *
#20060000
1$
1%
0!
b1110 #
b1110 .
18
0;
17
b1110 9
b110 (
b110 -
b110 >
b11111010110 *
#20070000
1%
0!
b1111 #
b1111 .
17
b1111 9
b111 (
b111 -
b111 >
b11111010111 *
#20080000
1%
0!
b1010 #
b1010 .
17
b1010 9
b0 (
b0 -
b1011 '
b1011 ,
b1011 =
b0 >
b11111011000 *
#20090000
0$
0%
0!
b100 #
b100 .
08
07
b100 9
b1 (
b1 -
b1 >
b11111011001 *
#20100000
1$
0!
b1011 #
b1011 .
18
b1011 9
b10 (
b10 -
b10 >
b11111011010 *
#20110000
0!
b1111 #
b1111 .
b1111 9
b11 (
b11 -
b11 >
b11111011011 *
#20120000
0$
0!
b100 #
b100 .
08
b100 9
b100 (
b100 -
b100 >
b11111011100 *
#20130000
1!
b0 #
b0 .
1;
b0 9
b101 (
b101 -
b101 >
b11111011101 *
#20140000
1$
1%
0!
b1110 #
b1110 .
18
0;
17
b1110 9
b110 (
b110 -
b110 >
b11111011110 *
#20150000
1%
0!
b1111 #
b1111 .
17
b1111 9
b111 (
b111 -
b111 >
b11111011111 *
#20160000
1%
0!
b1011 #
b1011 .
17
b1011 9
b0 (
b0 -
b1100 '
b1100 ,
b1100 =
b0 >
b11111100000 *
#20170000
0$
0%
0!
b11 #
b11 .
08
07
b11 9
b1 (
b1 -
b1 >
b11111100001 *
#20180000
1$
0!
b1100 #
b1100 .
18
b1100 9
b10 (
b10 -
b10 >
b11111100010 *
#20190000
0!
b1111 #
b1111 .
b1111 9
b11 (
b11 -
b11 >
b11111100011 *
#20200000
0$
0!
b11 #
b11 .
08
b11 9
b100 (
b100 -
b100 >
b11111100100 *
#20210000
1!
b0 #
b0 .
1;
b0 9
b101 (
b101 -
b101 >
b11111100101 *
#20220000
1$
1%
0!
b1110 #
b1110 .
18
0;
17
b1110 9
b110 (
b110 -
b110 >
b11111100110 *
#20230000
1%
0!
b1111 #
b1111 .
17
b1111 9
b111 (
b111 -
b111 >
b11111100111 *
#20240000
1%
0!
b1100 #
b1100 .
17
b1100 9
b0 (
b0 -
b1101 '
b1101 ,
b1101 =
b0 >
b11111101000 *
#20250000
0$
0%
0!
b10 #
b10 .
08
07
b10 9
b1 (
b1 -
b1 >
b11111101001 *
#20260000
1$
0!
b1101 #
b1101 .
18
b1101 9
b10 (
b10 -
b10 >
b11111101010 *
#20270000
0!
b1111 #
b1111 .
b1111 9
b11 (
b11 -
b11 >
b11111101011 *
#20280000
0$
0!
b10 #
b10 .
08
b10 9
b100 (
b100 -
b100 >
b11111101100 *
#20290000
1!
b0 #
b0 .
1;
b0 9
b101 (
b101 -
b101 >
b11111101101 *
#20300000
1$
1%
0!
b1110 #
b1110 .
18
0;
17
b1110 9
b110 (
b110 -
b110 >
b11111101110 *
#20310000
1%
0!
b1111 #
b1111 .
17
b1111 9
b111 (
b111 -
b111 >
b11111101111 *
#20320000
1%
0!
b1101 #
b1101 .
17
b1101 9
b0 (
b0 -
b1110 '
b1110 ,
b1110 =
b0 >
b11111110000 *
#20330000
0$
0%
0!
b1 #
b1 .
08
07
b1 9
b1 (
b1 -
b1 >
b11111110001 *
#20340000
1$
0!
b1110 #
b1110 .
18
b1110 9
b10 (
b10 -
b10 >
b11111110010 *
#20350000
0!
b1111 #
b1111 .
b1111 9
b11 (
b11 -
b11 >
b11111110011 *
#20360000
0$
0!
b1 #
b1 .
08
b1 9
b100 (
b100 -
b100 >
b11111110100 *
#20370000
1!
b0 #
b0 .
1;
b0 9
b101 (
b101 -
b101 >
b11111110101 *
#20380000
1$
1%
0!
b1110 #
b1110 .
18
0;
17
b1110 9
b110 (
b110 -
b110 >
b11111110110 *
#20390000
1%
0!
b1111 #
b1111 .
17
b1111 9
b111 (
b111 -
b111 >
b11111110111 *
#20400000
1%
0!
b1110 #
b1110 .
17
b1110 9
b0 (
b0 -
b1111 '
b1111 ,
b1111 =
b0 >
b11111111000 *
#20410000
0$
0%
1!
b0 #
b0 .
08
1;
07
b0 9
b1 (
b1 -
b1 >
b11111111001 *
#20420000
1$
0!
b1111 #
b1111 .
18
0;
b1111 9
b10 (
b10 -
b10 >
b11111111010 *
#20430000
0!
b1111 #
b1111 .
b1111 9
b11 (
b11 -
b11 >
b11111111011 *
#20440000
0$
1!
b0 #
b0 .
08
1;
b0 9
b100 (
b100 -
b100 >
b11111111100 *
#20450000
b101 (
b101 -
b101 >
b11111111101 *
#20460000
1$
1%
0!
b1110 #
b1110 .
18
0;
17
b1110 9
b110 (
b110 -
b110 >
b11111111110 *
#20470000
1%
0!
b1111 #
b1111 .
17
b1111 9
b111 (
b111 -
b111 >
b11111111111 *
#20480000
0$
1%
0!
b1 #
b1 .
b1 I
1G
0J
0H
0K
b0 (
b0 -
b0 L
b101 '
b101 ,
b1100 &
b1100 +
b101 N
b1100 M
b10000 <
b10000 =
b1000 >
b100000000000 *
#20490000
1"
0%
0!
b111 #
b111 .
1J
b111 I
0G
b1 (
b1 -
b1 L
b100000000001 *
#20500000
0"
0!
b100 #
b100 .
b100 I
0J
b10 (
b10 -
b10 L
b100000000010 *
#20510000
1$
0!
b1101 #
b1101 .
1H
b1101 I
b11 (
b11 -
b11 L
b100000000011 *
#20520000
0!
b1001 #
b1001 .
b1001 I
1H
b100 (
b100 -
b100 L
b100000000100 *
#20530000
0$
0!
b11 #
b11 .
b11 I
0H
b101 (
b101 -
b101 L
b100000000101 *
#20540000
1$
1%
0!
b1000 #
b1000 .
1H
1G
b1000 I
b110 (
b110 -
b110 L
b100000000110 *
#20550000
0%
0!
b1110 #
b1110 .
b1110 I
0G
1H
b111 (
b111 -
b111 L
b100000000111 *
#20560000
0$
1!
b0 #
b0 .
0@
1C
0B
0?
b0 A
b0 (
b0 -
b0 '
b0 ,
b0 E
b0 &
b0 +
b0 D
b0 F
b1000 L
b100000001000 *
#20570000
0!
b1 #
b1 .
0C
b1 A
b1 '
b1 ,
b1 E
b100000001001 *
#20580000
0!
b10 #
b10 .
b10 A
b10 '
b10 ,
b10 E
b100000001010 *
#20590000
0!
b11 #
b11 .
b11 A
b11 '
b11 ,
b11 E
b100000001011 *
#20600000
0!
b100 #
b100 .
b100 A
b100 '
b100 ,
b100 E
b100000001100 *
#20610000
0!
b101 #
b101 .
b101 A
b101 '
b101 ,
b101 E
b100000001101 *
#20620000
0!
b110 #
b110 .
b110 A
b110 '
b110 ,
b110 E
b100000001110 *
#20630000
0!
b111 #
b111 .
b111 A
b111 '
b111 ,
b111 E
b100000001111 *
#20640000
1$
0!
b1000 #
b1000 .
1@
b1000 A
b1000 '
b1000 ,
b1000 E
b100000010000 *
#20650000
0!
b1001 #
b1001 .
b1001 A
b1001 '
b1001 ,
b1001 E
b100000010001 *
#20660000
0!
b1010 #
b1010 .
b1010 A
b1010 '
b1010 ,
b1010 E
b100000010010 *
#20670000
0!
b1011 #
b1011 .
b1011 A
b1011 '
b1011 ,
b1011 E
b100000010011 *
#20680000
0!
b1100 #
b1100 .
b1100 A
b1100 '
b1100 ,
b1100 E
b100000010100 *
#20690000
0!
b1101 #
b1101 .
b1101 A
b1101 '
b1101 ,
b1101 E
b100000010101 *
#20700000
0!
b1110 #
b1110 .
b1110 A
b1110 '
b1110 ,
b1110 E
b100000010110 *
#20710000
0!
b1111 #
b1111 .
b1111 A
b1111 '
b1111 ,
b1111 E
b100000010111 *
#20720000
0$
0!
b1 #
b1 .
0@
b1 A
b0 '
b0 ,
b1 &
b1 +
b1 D
b0 E
b100000011000 *
#20730000
0!
b10 #
b10 .
b10 A
b1 '
b1 ,
b1 E
b100000011001 *
#20740000
0!
b11 #
b11 .
b11 A
b10 '
b10 ,
b10 E
b100000011010 *
#20750000
0!
b100 #
b100 .
b100 A
b11 '
b11 ,
b11 E
b100000011011 *
#20760000
0!
b101 #
b101 .
b101 A
b100 '
b100 ,
b100 E
b100000011100 *
#20770000
0!
b110 #
b110 .
b110 A
b101 '
b101 ,
b101 E
b100000011101 *
#20780000
0!
b111 #
b111 .
b111 A
b110 '
b110 ,
b110 E
b100000011110 *
#20790000
1$
1"
0!
b1000 #
b1000 .
1@
1B
b1000 A
b111 '
b111 ,
b111 E
b100000011111 *
#20800000
0"
0!
b1001 #
b1001 .
0B
b1001 A
b1000 '
b1000 ,
b1000 E
b100000100000 *
#20810000
0!
b1010 #
b1010 .
b1010 A
b1001 '
b1001 ,
b1001 E
b100000100001 *
#20820000
0!
b1011 #
b1011 .
b1011 A
b1010 '
b1010 ,
b1010 E
b100000100010 *
#20830000
0!
b1100 #
b1100 .
b1100 A
b1011 '
b1011 ,
b1011 E
b100000100011 *
#20840000
0!
b1101 #
b1101 .
b1101 A
b1100 '
b1100 ,
b1100 E
b100000100100 *
#20850000
0!
b1110 #
b1110 .
b1110 A
b1101 '
b1101 ,
b1101 E
b100000100101 *
#20860000
0!
b1111 #
b1111 .
b1111 A
b1110 '
b1110 ,
b1110 E
b100000100110 *
#20870000
0$
1%
1!
b0 #
b0 .
0@
1C
1?
b0 A
b1111 '
b1111 ,
b1111 E
b100000100111 *
#20880000
0!
b10 #
b10 .
0%
0C
b10 A
0?
b0 '
b0 ,
b10 &
b10 +
b10 D
b0 E
b100000101000 *
#20890000
0!
b11 #
b11 .
b11 A
b1 '
b1 ,
b1 E
b100000101001 *
#20900000
0!
b100 #
b100 .
b100 A
b10 '
b10 ,
b10 E
b100000101010 *
#20910000
0!
b101 #
b101 .
b101 A
b11 '
b11 ,
b11 E
b100000101011 *
#20920000
0!
b110 #
b110 .
b110 A
b100 '
b100 ,
b100 E
b100000101100 *
#20930000
0!
b111 #
b111 .
b111 A
b101 '
b101 ,
b101 E
b100000101101 *
#20940000
1$
1"
0!
b1000 #
b1000 .
1@
1B
b1000 A
b110 '
b110 ,
b110 E
b100000101110 *
#20950000
1"
0!
b1001 #
b1001 .
1B
b1001 A
b111 '
b111 ,
b111 E
b100000101111 *
#20960000
0"
0!
b1010 #
b1010 .
0B
b1010 A
b1000 '
b1000 ,
b1000 E
b100000110000 *
#20970000
0!
b1011 #
b1011 .
b1011 A
b1001 '
b1001 ,
b1001 E
b100000110001 *
#20980000
0!
b1100 #
b1100 .
b1100 A
b1010 '
b1010 ,
b1010 E
b100000110010 *
#20990000
0!
b1101 #
b1101 .
b1101 A
b1011 '
b1011 ,
b1011 E
b100000110011 *
#21000000
0!
b1110 #
b1110 .
b1110 A
b1100 '
b1100 ,
b1100 E
b100000110100 *
#21010000
0!
b1111 #
b1111 .
b1111 A
b1101 '
b1101 ,
b1101 E
b100000110101 *
#21020000
0$
1%
1!
b0 #
b0 .
0@
1C
1?
b0 A
b1110 '
b1110 ,
b1110 E
b100000110110 *
#21030000
0!
b1 #
b1 .
1%
0C
b1 A
1?
b1111 '
b1111 ,
b1111 E
b100000110111 *
#21040000
0%
0!
b11 #
b11 .
0?
b11 A
b0 '
b0 ,
b11 &
b11 +
b11 D
b0 E
b100000111000 *
#21050000
0!
b100 #
b100 .
b100 A
b1 '
b1 ,
b1 E
b100000111001 *
#21060000
0!
b101 #
b101 .
b101 A
b10 '
b10 ,
b10 E
b100000111010 *
#21070000
0!
b110 #
b110 .
b110 A
b11 '
b11 ,
b11 E
b100000111011 *
#21080000
0!
b111 #
b111 .
b111 A
b100 '
b100 ,
b100 E
b100000111100 *
#21090000
1$
1"
0!
b1000 #
b1000 .
1@
1B
b1000 A
b101 '
b101 ,
b101 E
b100000111101 *
#21100000
1"
0!
b1001 #
b1001 .
1B
b1001 A
b110 '
b110 ,
b110 E
b100000111110 *
#21110000
1"
0!
b1010 #
b1010 .
1B
b1010 A
b111 '
b111 ,
b111 E
b100000111111 *
#21120000
0"
0!
b1011 #
b1011 .
0B
b1011 A
b1000 '
b1000 ,
b1000 E
b100001000000 *
#21130000
0!
b1100 #
b1100 .
b1100 A
b1001 '
b1001 ,
b1001 E
b100001000001 *
#21140000
0!
b1101 #
b1101 .
b1101 A
b1010 '
b1010 ,
b1010 E
b100001000010 *
#21150000
0!
b1110 #
b1110 .
b1110 A
b1011 '
b1011 ,
b1011 E
b100001000011 *
#21160000
0!
b1111 #
b1111 .
b1111 A
b1100 '
b1100 ,
b1100 E
b100001000100 *
#21170000
0$
1%
1!
b0 #
b0 .
0@
1C
1?
b0 A
b1101 '
b1101 ,
b1101 E
b100001000101 *
#21180000
0!
b1 #
b1 .
1%
0C
b1 A
1?
b1110 '
b1110 ,
b1110 E
b100001000110 *
#21190000
1%
0!
b10 #
b10 .
1?
b10 A
b1111 '
b1111 ,
b1111 E
b100001000111 *
#21200000
0%
0!
b100 #
b100 .
0?
b100 A
b0 '
b0 ,
b100 &
b100 +
b100 D
b0 E
b100001001000 *
#21210000
0!
b101 #
b101 .
b101 A
b1 '
b1 ,
b1 E
b100001001001 *
#21220000
0!
b110 #
b110 .
b110 A
b10 '
b10 ,
b10 E
b100001001010 *
#21230000
0!
b111 #
b111 .
b111 A
b11 '
b11 ,
b11 E
b100001001011 *
#21240000
1$
1"
0!
b1000 #
b1000 .
1@
1B
b1000 A
b100 '
b100 ,
b100 E
b100001001100 *
#21250000
1"
0!
b1001 #
b1001 .
1B
b1001 A
b101 '
b101 ,
b101 E
b100001001101 *
#21260000
1"
0!
b1010 #
b1010 .
1B
b1010 A
b110 '
b110 ,
b110 E
b100001001110 *
#21270000
1"
0!
b1011 #
b1011 .
1B
b1011 A
b111 '
b111 ,
b111 E
b100001001111 *
#21280000
0"
0!
b1100 #
b1100 .
0B
b1100 A
b1000 '
b1000 ,
b1000 E
b100001010000 *
#21290000
0!
b1101 #
b1101 .
b1101 A
b1001 '
b1001 ,
b1001 E
b100001010001 *
#21300000
0!
b1110 #
b1110 .
b1110 A
b1010 '
b1010 ,
b1010 E
b100001010010 *
#21310000
0!
b1111 #
b1111 .
b1111 A
b1011 '
b1011 ,
b1011 E
b100001010011 *
#21320000
0$
1%
1!
b0 #
b0 .
0@
1C
1?
b0 A
b1100 '
b1100 ,
b1100 E
b100001010100 *
#21330000
0!
b1 #
b1 .
1%
0C
b1 A
1?
b1101 '
b1101 ,
b1101 E
b100001010101 *
#21340000
1%
0!
b10 #
b10 .
1?
b10 A
b1110 '
b1110 ,
b1110 E
b100001010110 *
#21350000
1%
0!
b11 #
b11 .
1?
b11 A
b1111 '
b1111 ,
b1111 E
b100001010111 *
#21360000
0%
0!
b101 #
b101 .
0?
b101 A
b0 '
b0 ,
b101 &
b101 +
b101 D
b0 E
b100001011000 *
#21370000
0!
b110 #
b110 .
b110 A
b1 '
b1 ,
b1 E
b100001011001 *
#21380000
0!
b111 #
b111 .
b111 A
b10 '
b10 ,
b10 E
b100001011010 *
#21390000
1$
1"
0!
b1000 #
b1000 .
1@
1B
b1000 A
b11 '
b11 ,
b11 E
b100001011011 *
#21400000
1"
0!
b1001 #
b1001 .
1B
b1001 A
b100 '
b100 ,
b100 E
b100001011100 *
#21410000
1"
0!
b1010 #
b1010 .
1B
b1010 A
b101 '
b101 ,
b101 E
b100001011101 *
#21420000
1"
0!
b1011 #
b1011 .
1B
b1011 A
b110 '
b110 ,
b110 E
b100001011110 *
#21430000
1"
0!
b1100 #
b1100 .
1B
b1100 A
b111 '
b111 ,
b111 E
b100001011111 *
#21440000
0"
0!
b1101 #
b1101 .
0B
b1101 A
b1000 '
b1000 ,
b1000 E
b100001100000 *
#21450000
0!
b1110 #
b1110 .
b1110 A
b1001 '
b1001 ,
b1001 E
b100001100001 *
#21460000
0!
b1111 #
b1111 .
b1111 A
b1010 '
b1010 ,
b1010 E
b100001100010 *
#21470000
0$
1%
1!
b0 #
b0 .
0@
1C
1?
b0 A
b1011 '
b1011 ,
b1011 E
b100001100011 *
#21480000
0!
b1 #
b1 .
1%
0C
b1 A
1?
b1100 '
b1100 ,
b1100 E
b100001100100 *
#21490000
1%
0!
b10 #
b10 .
1?
b10 A
b1101 '
b1101 ,
b1101 E
b100001100101 *
#21500000
1%
0!
b11 #
b11 .
1?
b11 A
b1110 '
b1110 ,
b1110 E
b100001100110 *
#21510000
1%
0!
b100 #
b100 .
1?
b100 A
b1111 '
b1111 ,
b1111 E
b100001100111 *
#21520000
0%
0!
b110 #
b110 .
0?
b110 A
b0 '
b0 ,
b110 &
b110 +
b110 D
b0 E
b100001101000 *
#21530000
0!
b111 #
b111 .
b111 A
b1 '
b1 ,
b1 E
b100001101001 *
#21540000
1$
1"
0!
b1000 #
b1000 .
1@
1B
b1000 A
b10 '
b10 ,
b10 E
b100001101010 *
#21550000
1"
0!
b1001 #
b1001 .
1B
b1001 A
b11 '
b11 ,
b11 E
b100001101011 *
#21560000
1"
0!
b1010 #
b1010 .
1B
b1010 A
b100 '
b100 ,
b100 E
b100001101100 *
#21570000
1"
0!
b1011 #
b1011 .
1B
b1011 A
b101 '
b101 ,
b101 E
b100001101101 *
#21580000
1"
0!
b1100 #
b1100 .
1B
b1100 A
b110 '
b110 ,
b110 E
b100001101110 *
#21590000
1"
0!
b1101 #
b1101 .
1B
b1101 A
b111 '
b111 ,
b111 E
b100001101111 *
#21600000
0"
0!
b1110 #
b1110 .
0B
b1110 A
b1000 '
b1000 ,
b1000 E
b100001110000 *
#21610000
0!
b1111 #
b1111 .
b1111 A
b1001 '
b1001 ,
b1001 E
b100001110001 *
#21620000
0$
1%
1!
b0 #
b0 .
0@
1C
1?
b0 A
b1010 '
b1010 ,
b1010 E
b100001110010 *
#21630000
0!
b1 #
b1 .
1%
0C
b1 A
1?
b1011 '
b1011 ,
b1011 E
b100001110011 *
#21640000
1%
0!
b10 #
b10 .
1?
b10 A
b1100 '
b1100 ,
b1100 E
b100001110100 *
#21650000
1%
0!
b11 #
b11 .
1?
b11 A
b1101 '
b1101 ,
b1101 E
b100001110101 *
#21660000
1%
0!
b100 #
b100 .
1?
b100 A
b1110 '
b1110 ,
b1110 E
b100001110110 *
#21670000
1%
0!
b101 #
b101 .
1?
b101 A
b1111 '
b1111 ,
b1111 E
b100001110111 *
#21680000
0%
0!
b111 #
b111 .
0?
b111 A
b0 '
b0 ,
b111 &
b111 +
b111 D
b0 E
b100001111000 *
#21690000
1$
1"
0!
b1000 #
b1000 .
1@
1B
b1000 A
b1 '
b1 ,
b1 E
b100001111001 *
#21700000
1"
0!
b1001 #
b1001 .
1B
b1001 A
b10 '
b10 ,
b10 E
b100001111010 *
#21710000
1"
0!
b1010 #
b1010 .
1B
b1010 A
b11 '
b11 ,
b11 E
b100001111011 *
#21720000
1"
0!
b1011 #
b1011 .
1B
b1011 A
b100 '
b100 ,
b100 E
b100001111100 *
#21730000
1"
0!
b1100 #
b1100 .
1B
b1100 A
b101 '
b101 ,
b101 E
b100001111101 *
#21740000
1"
0!
b1101 #
b1101 .
1B
b1101 A
b110 '
b110 ,
b110 E
b100001111110 *
#21750000
1"
0!
b1110 #
b1110 .
1B
b1110 A
b111 '
b111 ,
b111 E
b100001111111 *
#21760000
0"
0!
b1111 #
b1111 .
0B
b1111 A
b1000 '
b1000 ,
b1000 E
b100010000000 *
#21770000
0$
1%
1!
b0 #
b0 .
0@
1C
1?
b0 A
b1001 '
b1001 ,
b1001 E
b100010000001 *
#21780000
0!
b1 #
b1 .
1%
0C
b1 A
1?
b1010 '
b1010 ,
b1010 E
b100010000010 *
#21790000
1%
0!
b10 #
b10 .
1?
b10 A
b1011 '
b1011 ,
b1011 E
b100010000011 *
#21800000
1%
0!
b11 #
b11 .
1?
b11 A
b1100 '
b1100 ,
b1100 E
b100010000100 *
#21810000
1%
0!
b100 #
b100 .
1?
b100 A
b1101 '
b1101 ,
b1101 E
b100010000101 *
#21820000
1%
0!
b101 #
b101 .
1?
b101 A
b1110 '
b1110 ,
b1110 E
b100010000110 *
#21830000
1%
0!
b110 #
b110 .
1?
b110 A
b1111 '
b1111 ,
b1111 E
b100010000111 *
#21840000
1$
0%
0!
b1000 #
b1000 .
1@
0?
b1000 A
b0 '
b0 ,
b1000 &
b1000 +
b1000 D
b0 E
b100010001000 *
#21850000
0!
b1001 #
b1001 .
b1001 A
b1 '
b1 ,
b1 E
b100010001001 *
#21860000
0!
b1010 #
b1010 .
b1010 A
b10 '
b10 ,
b10 E
b100010001010 *
#21870000
0!
b1011 #
b1011 .
b1011 A
b11 '
b11 ,
b11 E
b100010001011 *
#21880000
0!
b1100 #
b1100 .
b1100 A
b100 '
b100 ,
b100 E
b100010001100 *
#21890000
0!
b1101 #
b1101 .
b1101 A
b101 '
b101 ,
b101 E
b100010001101 *
#21900000
0!
b1110 #
b1110 .
b1110 A
b110 '
b110 ,
b110 E
b100010001110 *
#21910000
0!
b1111 #
b1111 .
b1111 A
b111 '
b111 ,
b111 E
b100010001111 *
#21920000
0$
1"
1%
1!
b0 #
b0 .
0@
1C
1B
1?
b0 A
b1000 '
b1000 ,
b1000 E
b100010010000 *
#21930000
0!
b1 #
b1 .
1"
1%
0C
b1 A
1B
1?
b1001 '
b1001 ,
b1001 E
b100010010001 *
#21940000
1"
1%
0!
b10 #
b10 .
1B
1?
b10 A
b1010 '
b1010 ,
b1010 E
b100010010010 *
#21950000
1"
1%
0!
b11 #
b11 .
1B
1?
b11 A
b1011 '
b1011 ,
b1011 E
b100010010011 *
#21960000
1"
1%
0!
b100 #
b100 .
1B
1?
b100 A
b1100 '
b1100 ,
b1100 E
b100010010100 *
#21970000
1"
1%
0!
b101 #
b101 .
1B
1?
b101 A
b1101 '
b1101 ,
b1101 E
b100010010101 *
#21980000
1"
1%
0!
b110 #
b110 .
1B
1?
b110 A
b1110 '
b1110 ,
b1110 E
b100010010110 *
#21990000
1"
1%
0!
b111 #
b111 .
1B
1?
b111 A
b1111 '
b1111 ,
b1111 E
b100010010111 *
#22000000
1$
0"
0%
0!
b1001 #
b1001 .
1@
0B
0?
b1001 A
b0 '
b0 ,
b1001 &
b1001 +
b1001 D
b0 E
b100010011000 *
#22010000
0!
b1010 #
b1010 .
b1010 A
b1 '
b1 ,
b1 E
b100010011001 *
#22020000
0!
b1011 #
b1011 .
b1011 A
b10 '
b10 ,
b10 E
b100010011010 *
#22030000
0!
b1100 #
b1100 .
b1100 A
b11 '
b11 ,
b11 E
b100010011011 *
#22040000
0!
b1101 #
b1101 .
b1101 A
b100 '
b100 ,
b100 E
b100010011100 *
#22050000
0!
b1110 #
b1110 .
b1110 A
b101 '
b101 ,
b101 E
b100010011101 *
#22060000
0!
b1111 #
b1111 .
b1111 A
b110 '
b110 ,
b110 E
b100010011110 *
#22070000
0$
1%
1!
b0 #
b0 .
0@
1C
1?
b0 A
b111 '
b111 ,
b111 E
b100010011111 *
#22080000
1"
0!
b1 #
b1 .
1%
0C
1B
b1 A
1?
b1000 '
b1000 ,
b1000 E
b100010100000 *
#22090000
1"
1%
0!
b10 #
b10 .
1B
1?
b10 A
b1001 '
b1001 ,
b1001 E
b100010100001 *
#22100000
1"
1%
0!
b11 #
b11 .
1B
1?
b11 A
b1010 '
b1010 ,
b1010 E
b100010100010 *
#22110000
1"
1%
0!
b100 #
b100 .
1B
1?
b100 A
b1011 '
b1011 ,
b1011 E
b100010100011 *
#22120000
1"
1%
0!
b101 #
b101 .
1B
1?
b101 A
b1100 '
b1100 ,
b1100 E
b100010100100 *
#22130000
1"
1%
0!
b110 #
b110 .
1B
1?
b110 A
b1101 '
b1101 ,
b1101 E
b100010100101 *
#22140000
1"
1%
0!
b111 #
b111 .
1B
1?
b111 A
b1110 '
b1110 ,
b1110 E
b100010100110 *
#22150000
1$
0"
1%
0!
b1000 #
b1000 .
1@
0B
1?
b1000 A
b1111 '
b1111 ,
b1111 E
b100010100111 *
#22160000
0%
0!
b1010 #
b1010 .
0?
b1010 A
b0 '
b0 ,
b1010 &
b1010 +
b1010 D
b0 E
b100010101000 *
#22170000
0!
b1011 #
b1011 .
b1011 A
b1 '
b1 ,
b1 E
b100010101001 *
#22180000
0!
b1100 #
b1100 .
b1100 A
b10 '
b10 ,
b10 E
b100010101010 *
#22190000
0!
b1101 #
b1101 .
b1101 A
b11 '
b11 ,
b11 E
b100010101011 *
#22200000
0!
b1110 #
b1110 .
b1110 A
b100 '
b100 ,
b100 E
b100010101100 *
#22210000
0!
b1111 #
b1111 .
b1111 A
b101 '
b101 ,
b101 E
b100010101101 *
#22220000
0$
1%
1!
b0 #
b0 .
0@
1C
1?
b0 A
b110 '
b110 ,
b110 E
b100010101110 *
#22230000
0!
b1 #
b1 .
1%
0C
b1 A
1?
b111 '
b111 ,
b111 E
b100010101111 *
#22240000
1"
1%
0!
b10 #
b10 .
1B
1?
b10 A
b1000 '
b1000 ,
b1000 E
b100010110000 *
#22250000
1"
1%
0!
b11 #
b11 .
1B
1?
b11 A
b1001 '
b1001 ,
b1001 E
b100010110001 *
#22260000
1"
1%
0!
b100 #
b100 .
1B
1?
b100 A
b1010 '
b1010 ,
b1010 E
b100010110010 *
#22270000
1"
1%
0!
b101 #
b101 .
1B
1?
b101 A
b1011 '
b1011 ,
b1011 E
b100010110011 *
#22280000
1"
1%
0!
b110 #
b110 .
1B
1?
b110 A
b1100 '
b1100 ,
b1100 E
b100010110100 *
#22290000
1"
1%
0!
b111 #
b111 .
1B
1?
b111 A
b1101 '
b1101 ,
b1101 E
b100010110101 *
#22300000
1$
0"
1%
0!
b1000 #
b1000 .
1@
0B
1?
b1000 A
b1110 '
b1110 ,
b1110 E
b100010110110 *
#22310000
1%
0!
b1001 #
b1001 .
1?
b1001 A
b1111 '
b1111 ,
b1111 E
b100010110111 *
#22320000
0%
0!
b1011 #
b1011 .
0?
b1011 A
b0 '
b0 ,
b1011 &
b1011 +
b1011 D
b0 E
b100010111000 *
#22330000
0!
b1100 #
b1100 .
b1100 A
b1 '
b1 ,
b1 E
b100010111001 *
#22340000
0!
b1101 #
b1101 .
b1101 A
b10 '
b10 ,
b10 E
b100010111010 *
#22350000
0!
b1110 #
b1110 .
b1110 A
b11 '
b11 ,
b11 E
b100010111011 *
#22360000
0!
b1111 #
b1111 .
b1111 A
b100 '
b100 ,
b100 E
b100010111100 *
#22370000
0$
1%
1!
b0 #
b0 .
0@
1C
1?
b0 A
b101 '
b101 ,
b101 E
b100010111101 *
#22380000
0!
b1 #
b1 .
1%
0C
b1 A
1?
b110 '
b110 ,
b110 E
b100010111110 *
#22390000
1%
0!
b10 #
b10 .
1?
b10 A
b111 '
b111 ,
b111 E
b100010111111 *
#22400000
1"
1%
0!
b11 #
b11 .
1B
1?
b11 A
b1000 '
b1000 ,
b1000 E
b100011000000 *
#22410000
1"
1%
0!
b100 #
b100 .
1B
1?
b100 A
b1001 '
b1001 ,
b1001 E
b100011000001 *
#22420000
1"
1%
0!
b101 #
b101 .
1B
1?
b101 A
b1010 '
b1010 ,
b1010 E
b100011000010 *
#22430000
1"
1%
0!
b110 #
b110 .
1B
1?
b110 A
b1011 '
b1011 ,
b1011 E
b100011000011 *
#22440000
1"
1%
0!
b111 #
b111 .
1B
1?
b111 A
b1100 '
b1100 ,
b1100 E
b100011000100 *
#22450000
1$
0"
1%
0!
b1000 #
b1000 .
1@
0B
1?
b1000 A
b1101 '
b1101 ,
b1101 E
b100011000101 *
#22460000
1%
0!
b1001 #
b1001 .
1?
b1001 A
b1110 '
b1110 ,
b1110 E
b100011000110 *
#22470000
1%
0!
b1010 #
b1010 .
1?
b1010 A
b1111 '
b1111 ,
b1111 E
b100011000111 *
#22480000
0%
0!
b1100 #
b1100 .
0?
b1100 A
b0 '
b0 ,
b1100 &
b1100 +
b1100 D
b0 E
b100011001000 *
#22490000
0!
b1101 #
b1101 .
b1101 A
b1 '
b1 ,
b1 E
b100011001001 *
#22500000
0!
b1110 #
b1110 .
b1110 A
b10 '
b10 ,
b10 E
b100011001010 *
#22510000
0!
b1111 #
b1111 .
b1111 A
b11 '
b11 ,
b11 E
b100011001011 *
#22520000
0$
1%
1!
b0 #
b0 .
0@
1C
1?
b0 A
b100 '
b100 ,
b100 E
b100011001100 *
#22530000
0!
b1 #
b1 .
1%
0C
b1 A
1?
b101 '
b101 ,
b101 E
b100011001101 *
#22540000
1%
0!
b10 #
b10 .
1?
b10 A
b110 '
b110 ,
b110 E
b100011001110 *
#22550000
1%
0!
b11 #
b11 .
1?
b11 A
b111 '
b111 ,
b111 E
b100011001111 *
#22560000
1"
1%
0!
b100 #
b100 .
1B
1?
b100 A
b1000 '
b1000 ,
b1000 E
b100011010000 *
#22570000
1"
1%
0!
b101 #
b101 .
1B
1?
b101 A
b1001 '
b1001 ,
b1001 E
b100011010001 *
#22580000
1"
1%
0!
b110 #
b110 .
1B
1?
b110 A
b1010 '
b1010 ,
b1010 E
b100011010010 *
#22590000
1"
1%
0!
b111 #
b111 .
1B
1?
b111 A
b1011 '
b1011 ,
b1011 E
b100011010011 *
#22600000
1$
0"
1%
0!
b1000 #
b1000 .
1@
0B
1?
b1000 A
b1100 '
b1100 ,
b1100 E
b100011010100 *
#22610000
1%
0!
b1001 #
b1001 .
1?
b1001 A
b1101 '
b1101 ,
b1101 E
b100011010101 *
#22620000
1%
0!
b1010 #
b1010 .
1?
b1010 A
b1110 '
b1110 ,
b1110 E
b100011010110 *
#22630000
1%
0!
b1011 #
b1011 .
1?
b1011 A
b1111 '
b1111 ,
b1111 E
b100011010111 *
#22640000
0%
0!
b1101 #
b1101 .
0?
b1101 A
b0 '
b0 ,
b1101 &
b1101 +
b1101 D
b0 E
b100011011000 *
#22650000
0!
b1110 #
b1110 .
b1110 A
b1 '
b1 ,
b1 E
b100011011001 *
#22660000
0!
b1111 #
b1111 .
b1111 A
b10 '
b10 ,
b10 E
b100011011010 *
#22670000
0$
1%
1!
b0 #
b0 .
0@
1C
1?
b0 A
b11 '
b11 ,
b11 E
b100011011011 *
#22680000
0!
b1 #
b1 .
1%
0C
b1 A
1?
b100 '
b100 ,
b100 E
b100011011100 *
#22690000
1%
0!
b10 #
b10 .
1?
b10 A
b101 '
b101 ,
b101 E
b100011011101 *
#22700000
1%
0!
b11 #
b11 .
1?
b11 A
b110 '
b110 ,
b110 E
b100011011110 *
#22710000
1%
0!
b100 #
b100 .
1?
b100 A
b111 '
b111 ,
b111 E
b100011011111 *
#22720000
1"
1%
0!
b101 #
b101 .
1B
1?
b101 A
b1000 '
b1000 ,
b1000 E
b100011100000 *
#22730000
1"
1%
0!
b110 #
b110 .
1B
1?
b110 A
b1001 '
b1001 ,
b1001 E
b100011100001 *
#22740000
1"
1%
0!
b111 #
b111 .
1B
1?
b111 A
b1010 '
b1010 ,
b1010 E
b100011100010 *
#22750000
1$
0"
1%
0!
b1000 #
b1000 .
1@
0B
1?
b1000 A
b1011 '
b1011 ,
b1011 E
b100011100011 *
#22760000
1%
0!
b1001 #
b1001 .
1?
b1001 A
b1100 '
b1100 ,
b1100 E
b100011100100 *
#22770000
1%
0!
b1010 #
b1010 .
1?
b1010 A
b1101 '
b1101 ,
b1101 E
b100011100101 *
#22780000
1%
0!
b1011 #
b1011 .
1?
b1011 A
b1110 '
b1110 ,
b1110 E
b100011100110 *
#22790000
1%
0!
b1100 #
b1100 .
1?
b1100 A
b1111 '
b1111 ,
b1111 E
b100011100111 *
#22800000
0%
0!
b1110 #
b1110 .
0?
b1110 A
b0 '
b0 ,
b1110 &
b1110 +
b1110 D
b0 E
b100011101000 *
#22810000
0!
b1111 #
b1111 .
b1111 A
b1 '
b1 ,
b1 E
b100011101001 *
#22820000
0$
1%
1!
b0 #
b0 .
0@
1C
1?
b0 A
b10 '
b10 ,
b10 E
b100011101010 *
#22830000
0!
b1 #
b1 .
1%
0C
b1 A
1?
b11 '
b11 ,
b11 E
b100011101011 *
#22840000
1%
0!
b10 #
b10 .
1?
b10 A
b100 '
b100 ,
b100 E
b100011101100 *
#22850000
1%
0!
b11 #
b11 .
1?
b11 A
b101 '
b101 ,
b101 E
b100011101101 *
#22860000
1%
0!
b100 #
b100 .
1?
b100 A
b110 '
b110 ,
b110 E
b100011101110 *
#22870000
1%
0!
b101 #
b101 .
1?
b101 A
b111 '
b111 ,
b111 E
b100011101111 *
#22880000
1"
1%
0!
b110 #
b110 .
1B
1?
b110 A
b1000 '
b1000 ,
b1000 E
b100011110000 *
#22890000
1"
1%
0!
b111 #
b111 .
1B
1?
b111 A
b1001 '
b1001 ,
b1001 E
b100011110001 *
#22900000
1$
0"
1%
0!
b1000 #
b1000 .
1@
0B
1?
b1000 A
b1010 '
b1010 ,
b1010 E
b100011110010 *
#22910000
1%
0!
b1001 #
b1001 .
1?
b1001 A
b1011 '
b1011 ,
b1011 E
b100011110011 *
#22920000
1%
0!
b1010 #
b1010 .
1?
b1010 A
b1100 '
b1100 ,
b1100 E
b100011110100 *
#22930000
1%
0!
b1011 #
b1011 .
1?
b1011 A
b1101 '
b1101 ,
b1101 E
b100011110101 *
#22940000
1%
0!
b1100 #
b1100 .
1?
b1100 A
b1110 '
b1110 ,
b1110 E
b100011110110 *
#22950000
1%
0!
b1101 #
b1101 .
1?
b1101 A
b1111 '
b1111 ,
b1111 E
b100011110111 *
#22960000
0%
0!
b1111 #
b1111 .
0?
b1111 A
b0 '
b0 ,
b1111 &
b1111 +
b1111 D
b0 E
b100011111000 *
#22970000
0$
1%
1!
b0 #
b0 .
0@
1C
1?
b0 A
b1 '
b1 ,
b1 E
b100011111001 *
#22980000
0!
b1 #
b1 .
1%
0C
b1 A
1?
b10 '
b10 ,
b10 E
b100011111010 *
#22990000
1%
0!
b10 #
b10 .
1?
b10 A
b11 '
b11 ,
b11 E
b100011111011 *
#23000000
1%
0!
b11 #
b11 .
1?
b11 A
b100 '
b100 ,
b100 E
b100011111100 *
#23010000
1%
0!
b100 #
b100 .
1?
b100 A
b101 '
b101 ,
b101 E
b100011111101 *
#23020000
1%
0!
b101 #
b101 .
1?
b101 A
b110 '
b110 ,
b110 E
b100011111110 *
#23030000
1%
0!
b110 #
b110 .
1?
b110 A
b111 '
b111 ,
b111 E
b100011111111 *
#23040000
1"
1%
0!
b111 #
b111 .
1B
1?
b111 A
b1000 '
b1000 ,
b1000 E
b100100000000 *
#23050000
1$
0"
1%
0!
b1000 #
b1000 .
1@
0B
1?
b1000 A
b1001 '
b1001 ,
b1001 E
b100100000001 *
#23060000
1%
0!
b1001 #
b1001 .
1?
b1001 A
b1010 '
b1010 ,
b1010 E
b100100000010 *
#23070000
1%
0!
b1010 #
b1010 .
1?
b1010 A
b1011 '
b1011 ,
b1011 E
b100100000011 *
#23080000
1%
0!
b1011 #
b1011 .
1?
b1011 A
b1100 '
b1100 ,
b1100 E
b100100000100 *
#23090000
1%
0!
b1100 #
b1100 .
1?
b1100 A
b1101 '
b1101 ,
b1101 E
b100100000101 *
#23100000
1%
0!
b1101 #
b1101 .
1?
b1101 A
b1110 '
b1110 ,
b1110 E
b100100000110 *
#23110000
1%
0!
b1110 #
b1110 .
1?
b1110 A
b1111 '
b1111 ,
b1111 E
b100100000111 *
#23120000
0$
0%
1!
b0 #
b0 .
b0 1
0/
02
00
13
b0 '
b0 ,
b0 &
b0 +
b0 6
b0 5
b0 4
b10000 D
b10000 E
b100100001000 *
#23130000
1$
1%
0!
b1110 #
b1110 .
10
1/
b1110 1
03
b1111 '
b1111 ,
b1111 &
b1111 +
b1111 5
b1111 4
b100100001001 *
#23140000
0$
1"
1%
1!
b0 #
b0 .
13
12
b0 1
1/
00
b1000 '
b1000 ,
b1000 &
b1000 +
b1000 5
b1000 4
b100100001010 *
#23150000
1$
0!
b1110 #
b1110 .
1"
0%
10
b1110 1
0/
12
03
b111 '
b111 ,
b111 &
b111 +
b111 5
b111 4
b100100001011 *
#23160000
0$
0"
0!
b1 #
b1 .
b1 1
02
00
b1 (
b1 -
b0 '
b0 ,
b1 &
b1 +
b1 6
b0 5
b1 4
b100100001100 *
#23170000
1$
1%
0!
b1111 #
b1111 .
10
1/
b1111 1
b1 '
b1 ,
b0 &
b0 +
b1 5
b0 4
b100100001101 *
#23180000
b100100001110 *
